n,s1,1_p_s2,s2,beta,q,sqrt_q,rep_no,eigen_mat_rerr,eigen_mat_terr,eigen_mat_ev_time,eigen_mat_cal_translation_time
500,2,0.0,0.0,1,1,1,0,0.2553410041567064,0.18185463894073736,0.40963077545166016,0.06551408767700195
500,2,0.0,0.0,1,1,1,1,0.2315714232405656,0.13496575980604222,0.39153218269348145,0.0641336441040039
500,2,0.0,0.0,1,1,1,2,0.24483307013394537,0.15277519657005126,0.32370996475219727,0.06443643569946289
500,2,0.0,0.0,1,1,1,3,0.24113494920918122,0.1262267689702309,0.33118271827697754,0.06451225280761719
500,2,0.0,0.0,1,1,1,4,0.2239877430401383,0.13425248150460303,0.3976922035217285,0.07551741600036621
500,2,0.0,0.0,1,1,1,5,0.2385425293953385,0.13928125100798458,0.362102746963501,0.07050585746765137
500,2,0.0,0.0,1,1,1,6,0.22493044370918408,0.1908117693301723,0.3206801414489746,0.06401896476745605
500,2,0.0,0.0,1,1,1,7,0.21416663199949354,0.16821947986654892,0.33512091636657715,0.06520938873291016
500,2,0.0,0.0,1,1,1,8,0.2331465871029257,0.18743896797546464,0.3667774200439453,0.06450986862182617
500,2,0.0,0.0,1,1,1,9,0.23984445212095015,0.1390244924107412,0.3240804672241211,0.07651972770690918
500,2,0.0,0.0,1,1,1,10,0.24697333437280847,0.15614873453021447,0.32521820068359375,0.0654916763305664
500,2,0.0,0.0,1,1,1,11,0.23497158911696797,0.14903240470085205,0.3961334228515625,0.07450222969055176
500,2,0.0,0.0,1,1,1,12,0.20546991462152803,0.18258614841333903,0.35059618949890137,0.06348490715026855
500,2,0.0,0.0,1,1,1,13,0.2187456819440647,0.11119293122076897,0.3281240463256836,0.07500004768371582
500,2,0.0,0.0,1,1,1,14,0.24344668361752078,0.11686305575634934,0.3325686454772949,0.06549072265625
500,2,0.0,0.0,1,1,1,15,0.25020527166842016,0.17751618810271028,0.33252716064453125,0.06371068954467773
500,2,0.0,0.0,1,1,1,16,0.2489264722109094,0.13132860739324997,0.34308815002441406,0.06500506401062012
500,2,0.0,0.0,1,1,1,17,0.20363440155276216,0.14920039615578434,0.3311474323272705,0.07554888725280762
500,2,0.0,0.0,1,1,1,18,0.25960047667508157,0.1562889684117273,0.32806825637817383,0.0670008659362793
500,2,0.0,0.0,1,1,1,19,0.2098882897355468,0.14498300175448017,0.397172212600708,0.07852959632873535
500,2,0.0,0.0,1,1,1,20,0.22885054104579075,0.15113700161751215,0.3760976791381836,0.06480669975280762
500,2,0.0,0.0,1,1,1,21,0.21846946851384122,0.14436981158984558,0.3241283893585205,0.0750274658203125
500,2,0.0,0.0,1,1,1,22,0.20795278217921503,0.1446941799308752,0.3378143310546875,0.06402993202209473
500,2,0.0,0.0,1,1,1,23,0.22832739246832842,0.1202722231923665,0.3135554790496826,0.0615077018737793
500,2,0.0,0.0,1,1,1,24,0.23304860833911534,0.17126827202128067,0.3521087169647217,0.06449413299560547
500,2,0.44000000000000006,0.2,1,1,1,0,0.22191947247241914,0.13873158832319252,0.3916332721710205,0.07468032836914062
500,2,0.44000000000000006,0.2,1,1,1,1,0.2123926444189471,0.1462400506800601,0.4864199161529541,0.08400392532348633
500,2,0.44000000000000006,0.2,1,1,1,2,0.19882805948797724,0.14525283251128904,0.3336007595062256,0.08249378204345703
500,2,0.44000000000000006,0.2,1,1,1,3,0.2435161738210385,0.15881073701406231,0.328596830368042,0.06569886207580566
500,2,0.44000000000000006,0.2,1,1,1,4,0.2185589452545468,0.14490974931639872,0.3350982666015625,0.06403088569641113
500,2,0.44000000000000006,0.2,1,1,1,5,0.2331033302283031,0.14825433607961375,0.35874080657958984,0.06650829315185547
500,2,0.44000000000000006,0.2,1,1,1,6,0.21284471799667012,0.1627449485925941,0.33369874954223633,0.08251309394836426
500,2,0.44000000000000006,0.2,1,1,1,7,0.20258171455362134,0.17306758893158708,0.33413028717041016,0.06402873992919922
500,2,0.44000000000000006,0.2,1,1,1,8,0.1982568193000305,0.18984580186215438,0.401134729385376,0.07451415061950684
500,2,0.44000000000000006,0.2,1,1,1,9,0.2342139115314967,0.14318042442493426,0.36356306076049805,0.08605265617370605
500,2,0.44000000000000006,0.2,1,1,1,10,0.21974572523286165,0.1802317065209786,0.4962294101715088,0.09603238105773926
500,2,0.44000000000000006,0.2,1,1,1,11,0.21380163765056268,0.1819490714016888,0.49175310134887695,0.08949923515319824
500,2,0.44000000000000006,0.2,1,1,1,12,0.19666669527925879,0.1415212735670173,0.4848790168762207,0.08817625045776367
500,2,0.44000000000000006,0.2,1,1,1,13,0.22817088104774788,0.14374089287643027,0.4897894859313965,0.09974908828735352
500,2,0.44000000000000006,0.2,1,1,1,14,0.21558234343607285,0.1403526285544522,0.5719232559204102,0.1341691017150879
500,2,0.44000000000000006,0.2,1,1,1,15,0.23985446594680784,0.11906557182257942,0.5868358612060547,0.09719681739807129
500,2,0.44000000000000006,0.2,1,1,1,16,0.27028719229025894,0.16915190595994242,0.49982237815856934,0.10045456886291504
500,2,0.44000000000000006,0.2,1,1,1,17,0.2014180778460162,0.1768771744746693,0.5365438461303711,0.10158300399780273
500,2,0.44000000000000006,0.2,1,1,1,18,0.23230583135310076,0.11338248461444508,0.4986279010772705,0.09753155708312988
500,2,0.44000000000000006,0.2,1,1,1,19,0.24795847327180695,0.12093732079072479,0.48682594299316406,0.09902501106262207
500,2,0.44000000000000006,0.2,1,1,1,20,0.2554094605479466,0.12884737031813318,0.60809326171875,0.11468720436096191
500,2,0.44000000000000006,0.2,1,1,1,21,0.23081354091704892,0.19601287021380812,0.457094669342041,0.1119985580444336
500,2,0.44000000000000006,0.2,1,1,1,22,0.20209916661076355,0.14020541762195102,0.4842259883880615,0.11034178733825684
500,2,0.44000000000000006,0.2,1,1,1,23,0.2849912507982849,0.1906989721229945,0.5191717147827148,0.08437061309814453
500,2,0.44000000000000006,0.2,1,1,1,24,0.23207032376444198,0.13137204104235276,0.6619467735290527,0.12722134590148926
500,2,0.96,0.4,1,1,1,0,0.2413374582934658,0.1625546692401496,0.5069706439971924,0.12566614151000977
500,2,0.96,0.4,1,1,1,1,0.2559423261322062,0.13830749378202897,0.6633195877075195,0.13078641891479492
500,2,0.96,0.4,1,1,1,2,0.1954109823605513,0.15269256675775664,0.49767112731933594,0.09668445587158203
500,2,0.96,0.4,1,1,1,3,0.24604665338763762,0.14162467092726777,0.49565839767456055,0.0965111255645752
500,2,0.96,0.4,1,1,1,4,0.21059279225996846,0.1712971589432667,0.4994194507598877,0.10283994674682617
500,2,0.96,0.4,1,1,1,5,0.20625590410738215,0.13919794477295644,0.49082231521606445,0.09607100486755371
500,2,0.96,0.4,1,1,1,6,0.23347061111729328,0.15945481247275906,0.5945405960083008,0.13033437728881836
500,2,0.96,0.4,1,1,1,7,0.2376095967901004,0.1552694427449268,0.569882869720459,0.09549331665039062
500,2,0.96,0.4,1,1,1,8,0.24854754110659316,0.1383224020896388,0.5226662158966064,0.10443472862243652
500,2,0.96,0.4,1,1,1,9,0.22832692701171484,0.16869978931577145,0.5101509094238281,0.09866094589233398
500,2,0.96,0.4,1,1,1,10,0.193228433016585,0.1442884472141236,0.49965715408325195,0.09444785118103027
500,2,0.96,0.4,1,1,1,11,0.20877603317165525,0.16136610214148525,0.4918394088745117,0.0976417064666748
500,2,0.96,0.4,1,1,1,12,0.22432815011607748,0.15068657271456892,0.597872257232666,0.1306140422821045
500,2,0.96,0.4,1,1,1,13,0.23222953336507896,0.11952977209878035,0.5099179744720459,0.09369516372680664
500,2,0.96,0.4,1,1,1,14,0.2318717407485246,0.15854804050842708,0.4986908435821533,0.0856316089630127
500,2,0.96,0.4,1,1,1,15,0.18659877572883826,0.16114056937946733,0.4775235652923584,0.0973503589630127
500,2,0.96,0.4,1,1,1,16,0.23008620275835379,0.2296247962984422,0.4923417568206787,0.09909391403198242
500,2,0.96,0.4,1,1,1,17,0.1952988176174175,0.13188467784562663,0.5223879814147949,0.11293864250183105
500,2,0.96,0.4,1,1,1,18,0.23398469444066666,0.13897600500124913,0.6647317409515381,0.1283714771270752
500,2,0.96,0.4,1,1,1,19,0.2199693754611918,0.13917085840710952,0.5473423004150391,0.11159348487854004
500,2,0.96,0.4,1,1,1,20,0.24359357268999235,0.1552656318517072,0.5921173095703125,0.12123918533325195
500,2,0.96,0.4,1,1,1,21,0.22453569856662123,0.18958634432687765,0.519357442855835,0.11166071891784668
500,2,0.96,0.4,1,1,1,22,0.2639004781393204,0.1328187595725923,0.5109217166900635,0.09149765968322754
500,2,0.96,0.4,1,1,1,23,0.2708968837393791,0.16702481502632133,0.6735193729400635,0.11967706680297852
500,2,0.96,0.4,1,1,1,24,0.23780231584995554,0.15793005784625785,0.4988133907318115,0.11075425148010254
500,2,1.5600000000000003,0.6000000000000001,1,1,1,0,0.2530085025961479,0.16065589136704075,0.5214354991912842,0.09931612014770508
500,2,1.5600000000000003,0.6000000000000001,1,1,1,1,0.24553098595650313,0.16365827101468136,0.5228061676025391,0.10461068153381348
500,2,1.5600000000000003,0.6000000000000001,1,1,1,2,0.21238471562295808,0.14366729192864855,0.5314981937408447,0.09145259857177734
500,2,1.5600000000000003,0.6000000000000001,1,1,1,3,0.2167554404560228,0.13961887476150886,0.5140326023101807,0.10335755348205566
500,2,1.5600000000000003,0.6000000000000001,1,1,1,4,0.2053592602141552,0.15002768356241933,0.6609776020050049,0.14215660095214844
500,2,1.5600000000000003,0.6000000000000001,1,1,1,5,0.2380753255603812,0.14560559905970588,0.4882171154022217,0.1087803840637207
500,2,1.5600000000000003,0.6000000000000001,1,1,1,6,0.27826015760130196,0.1543545432949202,0.5277764797210693,0.09700870513916016
500,2,1.5600000000000003,0.6000000000000001,1,1,1,7,0.2366111781600162,0.16788528876751346,0.5210375785827637,0.08861684799194336
500,2,1.5600000000000003,0.6000000000000001,1,1,1,8,0.23116674340258136,0.16250309668435706,0.488537073135376,0.09807729721069336
500,2,1.5600000000000003,0.6000000000000001,1,1,1,9,0.2605382181578852,0.15936058178612675,0.5786511898040771,0.12082147598266602
500,2,1.5600000000000003,0.6000000000000001,1,1,1,10,0.20296982528964633,0.19358210278050095,0.5794775485992432,0.09071874618530273
500,2,1.5600000000000003,0.6000000000000001,1,1,1,11,0.21722070545832803,0.1471148471482453,0.5121054649353027,0.09428954124450684
500,2,1.5600000000000003,0.6000000000000001,1,1,1,12,0.21100263452171486,0.18297899291479375,0.5065367221832275,0.10649323463439941
500,2,1.5600000000000003,0.6000000000000001,1,1,1,13,0.26130176227781976,0.16145979733463417,0.48662447929382324,0.10005784034729004
500,2,1.5600000000000003,0.6000000000000001,1,1,1,14,0.22490105074584138,0.15432030139765376,0.49323105812072754,0.09806561470031738
500,2,1.5600000000000003,0.6000000000000001,1,1,1,15,0.23354911830686031,0.16668130395688002,0.6651298999786377,0.13405871391296387
500,2,1.5600000000000003,0.6000000000000001,1,1,1,16,0.21446785932636248,0.150347057230427,0.6262009143829346,0.11070871353149414
500,2,1.5600000000000003,0.6000000000000001,1,1,1,17,0.21268172916378805,0.13585467369208268,0.5072619915008545,0.10918426513671875
500,2,1.5600000000000003,0.6000000000000001,1,1,1,18,0.2221608992099633,0.12753578661229042,0.4888496398925781,0.08980417251586914
500,2,1.5600000000000003,0.6000000000000001,1,1,1,19,0.2336147103691287,0.1488245651012096,0.5329587459564209,0.09814190864562988
500,2,1.5600000000000003,0.6000000000000001,1,1,1,20,0.21880245629068143,0.16572374267232806,0.742459774017334,0.13364005088806152
500,2,1.5600000000000003,0.6000000000000001,1,1,1,21,0.2378458098492335,0.14595448968399674,0.5784215927124023,0.0953969955444336
500,2,1.5600000000000003,0.6000000000000001,1,1,1,22,0.27465573865255355,0.2028789763628774,0.5625789165496826,0.08340859413146973
500,2,1.5600000000000003,0.6000000000000001,1,1,1,23,0.22088998392064876,0.17599229054344218,0.5971260070800781,0.10308074951171875
500,2,1.5600000000000003,0.6000000000000001,1,1,1,24,0.26338836442045627,0.1527400841102844,0.5997016429901123,0.08620429039001465
500,2,2.2399999999999998,0.8,1,1,1,0,0.3132850277089652,0.14843968968912688,0.611560583114624,0.10305023193359375
500,2,2.2399999999999998,0.8,1,1,1,1,0.21721484685438902,0.16598457301283256,0.7101588249206543,0.10824394226074219
500,2,2.2399999999999998,0.8,1,1,1,2,0.24838175204402232,0.15537584551452574,0.5827498435974121,0.10605669021606445
500,2,2.2399999999999998,0.8,1,1,1,3,0.23388630411286598,0.22887167979881168,0.5856783390045166,0.11694645881652832
500,2,2.2399999999999998,0.8,1,1,1,4,0.22908556784182715,0.1758397789261867,0.6043300628662109,0.09607577323913574
500,2,2.2399999999999998,0.8,1,1,1,5,0.20837489739280135,0.1446993981530957,0.5809750556945801,0.08324599266052246
500,2,2.2399999999999998,0.8,1,1,1,6,0.2411510806144302,0.16371126722908796,0.7140355110168457,0.1392359733581543
500,2,2.2399999999999998,0.8,1,1,1,7,0.23044602985334187,0.16634511863984924,0.5750014781951904,0.09031891822814941
500,2,2.2399999999999998,0.8,1,1,1,8,0.2198567599718334,0.18171599951745138,0.5382776260375977,0.11663436889648438
500,2,2.2399999999999998,0.8,1,1,1,9,0.2483096652633701,0.19890398276181515,0.5728132724761963,0.10746884346008301
500,2,2.2399999999999998,0.8,1,1,1,10,0.21281573323411127,0.17284879491958144,0.6392180919647217,0.12824606895446777
500,2,2.2399999999999998,0.8,1,1,1,11,0.21433530543279183,0.19468057895096497,0.8971540927886963,0.1386556625366211
500,2,2.2399999999999998,0.8,1,1,1,12,0.2170924602346984,0.20199644535660746,0.6124477386474609,0.10355925559997559
500,2,2.2399999999999998,0.8,1,1,1,13,0.28420887577654363,0.2239396355597552,0.5833768844604492,0.10230731964111328
500,2,2.2399999999999998,0.8,1,1,1,14,0.23719840992017155,0.1621501871976408,0.548757791519165,0.10233330726623535
500,2,2.2399999999999998,0.8,1,1,1,15,0.24411897950747793,0.18916107229149787,0.5915849208831787,0.1146392822265625
500,2,2.2399999999999998,0.8,1,1,1,16,0.24986972699471868,0.2053981443440714,0.7173967361450195,0.12858200073242188
500,2,2.2399999999999998,0.8,1,1,1,17,0.23286973833299368,0.17923643523348462,0.6364572048187256,0.1266155242919922
500,2,2.2399999999999998,0.8,1,1,1,18,0.24855724064731596,0.1533159736240448,0.6261701583862305,0.12366366386413574
500,2,2.2399999999999998,0.8,1,1,1,19,0.22276320554978996,0.19350926729863396,0.5553417205810547,0.09299778938293457
500,2,2.2399999999999998,0.8,1,1,1,20,0.21579738104022392,0.18010259745885163,0.557070255279541,0.12994956970214844
500,2,2.2399999999999998,0.8,1,1,1,21,0.21445214945746094,0.1380717946628344,0.6650049686431885,0.10962343215942383
500,2,2.2399999999999998,0.8,1,1,1,22,0.28632108386226757,0.16790045203008863,0.7192738056182861,0.1054542064666748
500,2,2.2399999999999998,0.8,1,1,1,23,0.21998419603267447,0.18104166212039158,0.6132504940032959,0.09635448455810547
500,2,2.2399999999999998,0.8,1,1,1,24,0.21011882171178364,0.20863813509407178,0.5946934223175049,0.07657694816589355
500,2,3.0,1.0,1,1,1,0,0.22180642531933695,0.1882799580550834,0.576909065246582,0.07950210571289062
500,2,3.0,1.0,1,1,1,1,0.24285141194222834,0.24646143617725672,0.6051502227783203,0.10262465476989746
500,2,3.0,1.0,1,1,1,2,0.20415451749552288,0.16141369816229356,0.7397036552429199,0.1318356990814209
500,2,3.0,1.0,1,1,1,3,0.2191079553159146,0.17351261908417698,0.6123569011688232,0.09956145286560059
500,2,3.0,1.0,1,1,1,4,0.2593150574545259,0.19670874501896138,0.5269756317138672,0.1099555492401123
500,2,3.0,1.0,1,1,1,5,0.26499141051782643,0.18984050156329652,0.7061123847961426,0.1293642520904541
500,2,3.0,1.0,1,1,1,6,0.22987931854772145,0.25261162179708396,0.6216034889221191,0.11397576332092285
500,2,3.0,1.0,1,1,1,7,0.21003039709065946,0.15548298445027006,0.7575860023498535,0.11948370933532715
500,2,3.0,1.0,1,1,1,8,0.24009723025090354,0.17259370872806018,0.5998785495758057,0.10043048858642578
500,2,3.0,1.0,1,1,1,9,0.22095104279886257,0.17731651167861992,0.5558171272277832,0.11065936088562012
500,2,3.0,1.0,1,1,1,10,0.2397057683245467,0.20678097947791618,0.5420677661895752,0.11202812194824219
500,2,3.0,1.0,1,1,1,11,0.25111091878794134,0.19225652065401688,0.5391199588775635,0.1265239715576172
500,2,3.0,1.0,1,1,1,12,0.24257779422305628,0.18981772591419027,0.7735466957092285,0.1256253719329834
500,2,3.0,1.0,1,1,1,13,0.2523312518399082,0.18182745346195617,0.5813074111938477,0.11262965202331543
500,2,3.0,1.0,1,1,1,14,0.27222580933340546,0.18595981290953562,0.6357309818267822,0.09307146072387695
500,2,3.0,1.0,1,1,1,15,0.2182768319012056,0.1608222322417762,0.5754024982452393,0.09853196144104004
500,2,3.0,1.0,1,1,1,16,0.248248972540175,0.1597268137889624,0.554720401763916,0.08849954605102539
500,2,3.0,1.0,1,1,1,17,0.23026449088290502,0.18154759470343,0.6864535808563232,0.12186312675476074
500,2,3.0,1.0,1,1,1,18,0.22733729108436296,0.24968495363573673,0.6421172618865967,0.1120750904083252
500,2,3.0,1.0,1,1,1,19,0.24773917055013686,0.167281797460312,0.579094409942627,0.11310958862304688
500,2,3.0,1.0,1,1,1,20,0.21159187775815028,0.16646032582989967,0.5645475387573242,0.10152411460876465
500,2,3.0,1.0,1,1,1,21,0.19133978774488655,0.215496599261091,0.5596659183502197,0.11797428131103516
500,2,3.0,1.0,1,1,1,22,0.2515028350234971,0.20971484316302874,0.574662446975708,0.1016390323638916
500,2,3.0,1.0,1,1,1,23,0.21970962896755533,0.16181051885607248,0.6871042251586914,0.13795971870422363
500,2,3.0,1.0,1,1,1,24,0.24277964761532886,0.18743018431163283,0.5995819568634033,0.11386704444885254
500,2,3.8400000000000007,1.2000000000000002,1,1,1,0,0.26748833625169066,0.19795670015603212,0.6720805168151855,0.14623546600341797
500,2,3.8400000000000007,1.2000000000000002,1,1,1,1,0.218900715923055,0.1981324749034727,0.6061809062957764,0.09139251708984375
500,2,3.8400000000000007,1.2000000000000002,1,1,1,2,0.22771933650522327,0.2108473758399679,0.5766210556030273,0.09251165390014648
500,2,3.8400000000000007,1.2000000000000002,1,1,1,3,0.21817215934847506,0.1938181298499446,0.7614436149597168,0.13625335693359375
500,2,3.8400000000000007,1.2000000000000002,1,1,1,4,0.22156492629223398,0.1955015856862307,0.5640115737915039,0.10504531860351562
500,2,3.8400000000000007,1.2000000000000002,1,1,1,5,0.24121726503119295,0.20753322752001463,0.558760404586792,0.0965576171875
500,2,3.8400000000000007,1.2000000000000002,1,1,1,6,0.22830561188750065,0.20372018445544338,0.5697720050811768,0.11304283142089844
500,2,3.8400000000000007,1.2000000000000002,1,1,1,7,0.21644226722230425,0.17479238449646628,0.6284458637237549,0.08814668655395508
500,2,3.8400000000000007,1.2000000000000002,1,1,1,8,0.1908587470845585,0.23838154087183322,0.7218477725982666,0.14553022384643555
500,2,3.8400000000000007,1.2000000000000002,1,1,1,9,0.21458331971225525,0.195658104639901,0.6002888679504395,0.1186072826385498
500,2,3.8400000000000007,1.2000000000000002,1,1,1,10,0.2522381862920637,0.21967026142409993,0.6318330764770508,0.08457660675048828
500,2,3.8400000000000007,1.2000000000000002,1,1,1,11,0.2065738686474311,0.24427776401102355,0.5731160640716553,0.08136606216430664
500,2,3.8400000000000007,1.2000000000000002,1,1,1,12,0.2286007980587261,0.23603112923019678,0.5771603584289551,0.09999442100524902
500,2,3.8400000000000007,1.2000000000000002,1,1,1,13,0.2571765817800671,0.21903113216074396,0.7318949699401855,0.12119626998901367
500,2,3.8400000000000007,1.2000000000000002,1,1,1,14,0.2506119668142061,0.18542521254798539,0.7185156345367432,0.08753085136413574
500,2,3.8400000000000007,1.2000000000000002,1,1,1,15,0.26628247431797625,0.2772347561681766,0.6204211711883545,0.0860586166381836
500,2,3.8400000000000007,1.2000000000000002,1,1,1,16,0.20684274705372824,0.22690431866803157,0.5626392364501953,0.0969996452331543
500,2,3.8400000000000007,1.2000000000000002,1,1,1,17,0.2688277420970052,0.19591845378228354,0.5556187629699707,0.1136023998260498
500,2,3.8400000000000007,1.2000000000000002,1,1,1,18,0.22607982096757617,0.2108545812578649,0.5933487415313721,0.10405373573303223
500,2,3.8400000000000007,1.2000000000000002,1,1,1,19,0.23935663124122927,0.19515387231745696,0.7577757835388184,0.1510322093963623
500,2,3.8400000000000007,1.2000000000000002,1,1,1,20,0.22568457950515472,0.19182934955921183,0.7352726459503174,0.12402534484863281
500,2,3.8400000000000007,1.2000000000000002,1,1,1,21,0.23313566214920978,0.21237803528646484,0.5834517478942871,0.11840081214904785
500,2,3.8400000000000007,1.2000000000000002,1,1,1,22,0.23183858806516386,0.17693286008145673,0.5857057571411133,0.10437202453613281
500,2,3.8400000000000007,1.2000000000000002,1,1,1,23,0.23683107112883509,0.23258290683878566,0.5949771404266357,0.09020280838012695
500,2,3.8400000000000007,1.2000000000000002,1,1,1,24,0.23403432180730013,0.1987830029869217,0.6961853504180908,0.15121722221374512
500,2,4.760000000000001,1.4000000000000001,1,1,1,0,0.2933119883520008,0.23867024317317811,0.5678129196166992,0.08939409255981445
500,2,4.760000000000001,1.4000000000000001,1,1,1,1,0.2574998871719269,0.24268856799448452,0.5747554302215576,0.11260986328125
500,2,4.760000000000001,1.4000000000000001,1,1,1,2,0.2409458476743538,0.21894811259005056,0.5601983070373535,0.12874436378479004
500,2,4.760000000000001,1.4000000000000001,1,1,1,3,0.2628786878594243,0.23943800965846326,0.5882344245910645,0.10657095909118652
500,2,4.760000000000001,1.4000000000000001,1,1,1,4,0.27928915750985167,0.22916449137009468,0.6851778030395508,0.1266624927520752
500,2,4.760000000000001,1.4000000000000001,1,1,1,5,0.24933228471871932,0.24727069426854406,0.5835583209991455,0.11096048355102539
500,2,4.760000000000001,1.4000000000000001,1,1,1,6,0.2713266154280452,0.2288283291689262,0.5811605453491211,0.09146714210510254
500,2,4.760000000000001,1.4000000000000001,1,1,1,7,0.2218228672196852,0.20988258021152445,0.5698962211608887,0.09046196937561035
500,2,4.760000000000001,1.4000000000000001,1,1,1,8,0.22100426424127304,0.1997824354454193,0.5489640235900879,0.11355257034301758
500,2,4.760000000000001,1.4000000000000001,1,1,1,9,0.27236502178596933,0.21300312822966758,0.5837674140930176,0.11759710311889648
500,2,4.760000000000001,1.4000000000000001,1,1,1,10,0.2941496622836666,0.2196312577490055,0.7144722938537598,0.1456136703491211
500,2,4.760000000000001,1.4000000000000001,1,1,1,11,0.22848112182253294,0.2392341564336685,0.6092982292175293,0.11104965209960938
500,2,4.760000000000001,1.4000000000000001,1,1,1,12,0.22497207937081706,0.20710050031005867,0.6020262241363525,0.08751249313354492
500,2,4.760000000000001,1.4000000000000001,1,1,1,13,0.2289866814775779,0.21090847959009543,0.6005675792694092,0.08843779563903809
500,2,4.760000000000001,1.4000000000000001,1,1,1,14,0.24929657536772096,0.23722489141926023,0.736870288848877,0.12555432319641113
500,2,4.760000000000001,1.4000000000000001,1,1,1,15,0.2185499180633647,0.22030392609784866,0.7188451290130615,0.12018823623657227
500,2,4.760000000000001,1.4000000000000001,1,1,1,16,0.2200349604568225,0.21491306350348247,0.5663995742797852,0.08342242240905762
500,2,4.760000000000001,1.4000000000000001,1,1,1,17,0.241476922219995,0.23844524218093355,0.5936565399169922,0.11245536804199219
500,2,4.760000000000001,1.4000000000000001,1,1,1,18,0.24898027460810268,0.2188096794379086,0.5655345916748047,0.11342716217041016
500,2,4.760000000000001,1.4000000000000001,1,1,1,19,0.3139491532568436,0.20876816986415125,0.5565118789672852,0.09608578681945801
500,2,4.760000000000001,1.4000000000000001,1,1,1,20,0.2423722793099095,0.2345694518065954,0.7424576282501221,0.14123129844665527
500,2,4.760000000000001,1.4000000000000001,1,1,1,21,0.22822541754852357,0.1931948689291651,0.5818748474121094,0.09825730323791504
500,2,4.760000000000001,1.4000000000000001,1,1,1,22,0.22489164590752278,0.2127710454711712,0.5596780776977539,0.09812474250793457
500,2,4.760000000000001,1.4000000000000001,1,1,1,23,0.27380925573809506,0.2849235812860855,0.5718274116516113,0.12093138694763184
500,2,4.760000000000001,1.4000000000000001,1,1,1,24,0.2418214509658525,0.22443490263929405,0.5717220306396484,0.1140449047088623
500,2,5.760000000000001,1.6,1,1,1,0,0.21526167059452286,0.29552861031277317,0.6628975868225098,0.13774681091308594
500,2,5.760000000000001,1.6,1,1,1,1,0.24484290502949058,0.29004108690880764,0.6620173454284668,0.10100889205932617
500,2,5.760000000000001,1.6,1,1,1,2,0.25465965272621954,0.24808029099964857,0.5610308647155762,0.0863947868347168
500,2,5.760000000000001,1.6,1,1,1,3,0.20551395311518658,0.21989048365283273,0.6023035049438477,0.11312484741210938
500,2,5.760000000000001,1.6,1,1,1,4,0.2919097412736912,0.236144699336694,0.6223421096801758,0.09132695198059082
500,2,5.760000000000001,1.6,1,1,1,5,0.23051654508233682,0.3041563365942901,0.6110556125640869,0.08720541000366211
500,2,5.760000000000001,1.6,1,1,1,6,0.25331504244500064,0.24431349907371563,0.7560677528381348,0.12559962272644043
500,2,5.760000000000001,1.6,1,1,1,7,0.23567555299460782,0.22345675767517412,0.5736110210418701,0.11173295974731445
500,2,5.760000000000001,1.6,1,1,1,8,0.2351285609087001,0.2633476619795465,0.5307400226593018,0.12519526481628418
500,2,5.760000000000001,1.6,1,1,1,9,0.28663579461036964,0.2590027281635684,0.7113509178161621,0.14688777923583984
500,2,5.760000000000001,1.6,1,1,1,10,0.2817780863859758,0.21510658887177103,0.6135520935058594,0.11652970314025879
500,2,5.760000000000001,1.6,1,1,1,11,0.2317017178676591,0.24557128869135164,0.7138509750366211,0.12148237228393555
500,2,5.760000000000001,1.6,1,1,1,12,0.26333693245561557,0.2246782798690644,0.5540168285369873,0.12201642990112305
500,2,5.760000000000001,1.6,1,1,1,13,0.2560743868432833,0.22949206722509954,0.5696980953216553,0.09927082061767578
500,2,5.760000000000001,1.6,1,1,1,14,0.23543260796229257,0.2349163982264838,0.685579776763916,0.11696147918701172
500,2,5.760000000000001,1.6,1,1,1,15,0.2013067264409016,0.2569353143819675,0.6226530075073242,0.10476040840148926
500,2,5.760000000000001,1.6,1,1,1,16,0.24674825576925352,0.26291132373675385,0.7347602844238281,0.11826229095458984
500,2,5.760000000000001,1.6,1,1,1,17,0.2212530293911131,0.23711634542203944,0.5533909797668457,0.09478139877319336
500,2,5.760000000000001,1.6,1,1,1,18,0.29049814137347857,0.22123524331368177,0.5852444171905518,0.08167481422424316
500,2,5.760000000000001,1.6,1,1,1,19,0.23764195866613824,0.25701134297174755,0.5497105121612549,0.13400578498840332
500,2,5.760000000000001,1.6,1,1,1,20,0.2503780574716562,0.2655142350427418,0.5822651386260986,0.10138750076293945
500,2,5.760000000000001,1.6,1,1,1,21,0.25893926700508507,0.2644313331259402,0.6105139255523682,0.12874865531921387
500,2,5.760000000000001,1.6,1,1,1,22,0.2603104258631821,0.23365653763726008,0.6910996437072754,0.11844062805175781
500,2,5.760000000000001,1.6,1,1,1,23,0.22156277621707615,0.22651761879497315,0.5764708518981934,0.09250307083129883
500,2,5.760000000000001,1.6,1,1,1,24,0.2535933545714929,0.2136216337174349,0.5553970336914062,0.11243629455566406
500,2,6.84,1.8,1,1,1,0,0.24859483507973168,0.2668622820696893,0.5412051677703857,0.10821723937988281
500,2,6.84,1.8,1,1,1,1,0.22827062295880293,0.26218999339183874,0.5596380233764648,0.12037253379821777
500,2,6.84,1.8,1,1,1,2,0.24257931207074307,0.2990455129642351,0.7185037136077881,0.13451910018920898
500,2,6.84,1.8,1,1,1,3,0.25941582624912507,0.27152876753259275,0.5994226932525635,0.11289143562316895
500,2,6.84,1.8,1,1,1,4,0.22498954559985057,0.27503657089420974,0.7183699607849121,0.1305391788482666
500,2,6.84,1.8,1,1,1,5,0.23741267759775248,0.3138681511022597,0.5858733654022217,0.09658312797546387
500,2,6.84,1.8,1,1,1,6,0.2470636181020315,0.26216111669234815,0.5793414115905762,0.1012115478515625
500,2,6.84,1.8,1,1,1,7,0.23595445155963643,0.27146204203067004,0.7176995277404785,0.15259265899658203
500,2,6.84,1.8,1,1,1,8,0.24329246845740796,0.28229490561229453,0.5676989555358887,0.11158299446105957
500,2,6.84,1.8,1,1,1,9,0.2883761248275631,0.29013180512900305,0.56839919090271,0.11475753784179688
500,2,6.84,1.8,1,1,1,10,0.23808566415116095,0.2592737618500292,0.5652799606323242,0.10550665855407715
500,2,6.84,1.8,1,1,1,11,0.23240485133975294,0.24663514260208008,0.5802357196807861,0.11804747581481934
500,2,6.84,1.8,1,1,1,12,0.25994980225136394,0.2832262149038821,0.6666197776794434,0.11458015441894531
500,2,6.84,1.8,1,1,1,13,0.23355106097025966,0.22277573766785091,0.7149181365966797,0.11730813980102539
500,2,6.84,1.8,1,1,1,14,0.21605058337865612,0.24445431210165156,0.6033515930175781,0.0984339714050293
500,2,6.84,1.8,1,1,1,15,0.2514317336856446,0.2987318122597504,0.563544750213623,0.11435890197753906
500,2,6.84,1.8,1,1,1,16,0.25511738592638444,0.2521475887437199,0.5450434684753418,0.08662629127502441
500,2,6.84,1.8,1,1,1,17,0.24426092918337314,0.2769157526142955,0.5547535419464111,0.09744548797607422
500,2,6.84,1.8,1,1,1,18,0.22577645219509704,0.4341973777945722,0.7343418598175049,0.12057971954345703
500,2,6.84,1.8,1,1,1,19,0.2595409712709092,0.22621094646196951,0.5881292819976807,0.11577701568603516
500,2,6.84,1.8,1,1,1,20,0.251789636718238,0.25207036999129495,0.5798327922821045,0.10821175575256348
500,2,6.84,1.8,1,1,1,21,0.3194155095658405,0.2831668946149452,0.550466775894165,0.10382723808288574
500,2,6.84,1.8,1,1,1,22,0.2814228977606207,0.2454287508632993,0.559687614440918,0.12319707870483398
500,2,6.84,1.8,1,1,1,23,0.24873592135494169,0.2544582066448981,0.7138817310333252,0.12245035171508789
500,2,6.84,1.8,1,1,1,24,0.3101879140037899,0.24296628188511007,0.7839090824127197,0.12673473358154297
500,2,8.0,2.0,1,1,1,0,0.2382014347502803,0.2810848944669838,0.5629322528839111,0.12630653381347656
500,2,8.0,2.0,1,1,1,1,0.2347099218336001,0.28505733612967316,0.6023399829864502,0.09198307991027832
500,2,8.0,2.0,1,1,1,2,0.2835422741664197,0.28504104601228436,0.5745325088500977,0.08606481552124023
500,2,8.0,2.0,1,1,1,3,0.2418977071717497,0.26795942181006854,0.6550276279449463,0.12021780014038086
500,2,8.0,2.0,1,1,1,4,0.22910942010945953,0.2690255813745611,0.6510319709777832,0.08864903450012207
500,2,8.0,2.0,1,1,1,5,0.2277418532862959,0.32606933266132804,0.5368828773498535,0.11007571220397949
500,2,8.0,2.0,1,1,1,6,0.2638529303349815,0.2839218790630607,0.5703275203704834,0.11747384071350098
500,2,8.0,2.0,1,1,1,7,0.25455133788449247,0.27216289590984843,0.5799024105072021,0.10607695579528809
500,2,8.0,2.0,1,1,1,8,0.27144224675429524,0.3042283553602379,0.5827188491821289,0.11168646812438965
500,2,8.0,2.0,1,1,1,9,0.2577156689592279,0.28515321516654474,0.7208361625671387,0.13265347480773926
500,2,8.0,2.0,1,1,1,10,0.2486559739631151,0.3059219696829485,0.5961747169494629,0.1230771541595459
500,2,8.0,2.0,1,1,1,11,0.22603515827909965,0.28391438406661723,0.5670526027679443,0.09606313705444336
500,2,8.0,2.0,1,1,1,12,0.2859034125033958,0.4699332383417448,0.5542526245117188,0.09597110748291016
500,2,8.0,2.0,1,1,1,13,0.29393184007223544,0.2624456188746152,0.5223681926727295,0.10740399360656738
500,2,8.0,2.0,1,1,1,14,0.2527956863550449,0.31731998568424047,0.6489074230194092,0.14940524101257324
500,2,8.0,2.0,1,1,1,15,0.25267381064006106,0.29659499416486595,0.5607810020446777,0.10275506973266602
500,2,8.0,2.0,1,1,1,16,0.25659052893388484,0.2958612926638343,0.5653030872344971,0.10493040084838867
500,2,8.0,2.0,1,1,1,17,0.22984585738316335,0.26903077335140807,0.5678348541259766,0.0995941162109375
500,2,8.0,2.0,1,1,1,18,0.2998998461420485,0.3086087567599056,0.6517977714538574,0.11421084403991699
500,2,8.0,2.0,1,1,1,19,0.2513598330579641,0.28924928464384697,0.6500375270843506,0.14066600799560547
500,2,8.0,2.0,1,1,1,20,0.24455872958236205,0.30090195565827144,0.7215147018432617,0.10291266441345215
500,2,8.0,2.0,1,1,1,21,0.2948215449520241,0.2839478580008051,0.5907340049743652,0.10142898559570312
500,2,8.0,2.0,1,1,1,22,0.2500666688387077,0.24148879981998672,0.5392305850982666,0.1080019474029541
500,2,8.0,2.0,1,1,1,23,0.23734084737520392,0.29448903951875743,0.4979400634765625,0.09646964073181152
500,2,8.0,2.0,1,1,1,24,0.30654852506292746,0.28418480805477286,0.49401307106018066,0.10027933120727539
500,2,9.240000000000002,2.2,1,1,1,0,0.27929657571979616,0.3444435878387518,0.6918387413024902,0.12428402900695801
500,2,9.240000000000002,2.2,1,1,1,1,0.24314828583833684,0.34954058567548957,0.5580205917358398,0.11054587364196777
500,2,9.240000000000002,2.2,1,1,1,2,0.26969050812623,0.32643187349637465,0.595583438873291,0.09026622772216797
500,2,9.240000000000002,2.2,1,1,1,3,0.2973422162767662,0.28916534130325056,0.5965287685394287,0.10363245010375977
500,2,9.240000000000002,2.2,1,1,1,4,0.28812589443265546,0.4012752229989927,0.6217172145843506,0.09344482421875
500,2,9.240000000000002,2.2,1,1,1,5,0.2771686554393183,0.308852455488771,0.6869480609893799,0.12869000434875488
500,2,9.240000000000002,2.2,1,1,1,6,0.2507401599265733,0.3346538333165331,0.6247050762176514,0.09554505348205566
500,2,9.240000000000002,2.2,1,1,1,7,0.25802741015657193,0.3193125902242699,0.5841836929321289,0.08442997932434082
500,2,9.240000000000002,2.2,1,1,1,8,0.2557680204008442,0.3256444833325137,0.6013519763946533,0.09446048736572266
500,2,9.240000000000002,2.2,1,1,1,9,0.24065347775001023,0.3039151756219941,0.6106796264648438,0.09847593307495117
500,2,9.240000000000002,2.2,1,1,1,10,0.3196545299809842,0.3534828058588235,0.562307596206665,0.1271224021911621
500,2,9.240000000000002,2.2,1,1,1,11,0.27598150397340016,0.3645838248464913,0.7087554931640625,0.12063980102539062
500,2,9.240000000000002,2.2,1,1,1,12,0.269453088635973,0.3053559328962888,0.5737769603729248,0.11253714561462402
500,2,9.240000000000002,2.2,1,1,1,13,0.26073662198703146,0.2780054046392694,0.5676014423370361,0.0864565372467041
500,2,9.240000000000002,2.2,1,1,1,14,0.23551381389183673,0.33050253417875547,0.7744526863098145,0.12093162536621094
500,2,9.240000000000002,2.2,1,1,1,15,0.23945695152045912,0.3533545217181857,0.5788180828094482,0.1127171516418457
500,2,9.240000000000002,2.2,1,1,1,16,0.25824369754911186,0.3451459999602271,0.6899287700653076,0.14582157135009766
500,2,9.240000000000002,2.2,1,1,1,17,0.2557534892574744,0.3410515942676758,0.5428817272186279,0.09407806396484375
500,2,9.240000000000002,2.2,1,1,1,18,0.24060323407193346,0.31144274463932625,0.5397944450378418,0.11747026443481445
500,2,9.240000000000002,2.2,1,1,1,19,0.29600045969245703,0.31007850057022296,0.5940089225769043,0.09993815422058105
500,2,9.240000000000002,2.2,1,1,1,20,0.24136390823227186,0.2947579203966666,0.6010782718658447,0.1122579574584961
500,2,9.240000000000002,2.2,1,1,1,21,0.27482167887322184,0.26909666494616685,0.6871805191040039,0.12582015991210938
500,2,9.240000000000002,2.2,1,1,1,22,0.2540228490035275,0.2895110014677919,0.6145710945129395,0.09331965446472168
500,2,9.240000000000002,2.2,1,1,1,23,0.2711494402316734,0.29957189169929305,0.5988328456878662,0.0917046070098877
500,2,9.240000000000002,2.2,1,1,1,24,0.2965679881893791,0.35396608012462794,0.6009984016418457,0.09814119338989258
500,2,10.560000000000002,2.4000000000000004,1,1,1,0,0.287829545574453,0.29175230845075095,0.6087503433227539,0.10053300857543945
500,2,10.560000000000002,2.4000000000000004,1,1,1,1,0.2825988549962213,0.3279267319594592,0.6735966205596924,0.12996888160705566
500,2,10.560000000000002,2.4000000000000004,1,1,1,2,0.26844860421894734,0.35537725737021103,0.6928753852844238,0.11793375015258789
500,2,10.560000000000002,2.4000000000000004,1,1,1,3,0.2426861821936951,0.3109993541656381,0.5408320426940918,0.09551501274108887
500,2,10.560000000000002,2.4000000000000004,1,1,1,4,0.29367899199619235,0.351263708385121,0.5879473686218262,0.1130819320678711
500,2,10.560000000000002,2.4000000000000004,1,1,1,5,0.28553405686097416,0.31606411083438557,0.607990026473999,0.1102755069732666
500,2,10.560000000000002,2.4000000000000004,1,1,1,6,0.2678480870770485,0.3610755794456,0.5817921161651611,0.09453558921813965
500,2,10.560000000000002,2.4000000000000004,1,1,1,7,0.300434372857768,0.35877222936319814,0.7149062156677246,0.14246892929077148
500,2,10.560000000000002,2.4000000000000004,1,1,1,8,0.2542795937664677,0.42606194868918956,0.6052706241607666,0.08719801902770996
500,2,10.560000000000002,2.4000000000000004,1,1,1,9,0.3423533192141896,0.3127452963901466,0.7744183540344238,0.12750887870788574
500,2,10.560000000000002,2.4000000000000004,1,1,1,10,0.27557119174530037,0.3076610355461,0.5594007968902588,0.09426546096801758
500,2,10.560000000000002,2.4000000000000004,1,1,1,11,0.3377830583188294,0.3805820894771012,0.5501701831817627,0.11417078971862793
500,2,10.560000000000002,2.4000000000000004,1,1,1,12,0.26208032175761287,0.35733031791163133,0.7456977367401123,0.13771843910217285
500,2,10.560000000000002,2.4000000000000004,1,1,1,13,0.29258759489151387,0.2920119080775863,0.5866363048553467,0.09534382820129395
500,2,10.560000000000002,2.4000000000000004,1,1,1,14,0.2723488229256485,0.3998705195500044,0.615696907043457,0.09568166732788086
500,2,10.560000000000002,2.4000000000000004,1,1,1,15,0.26045907677114505,0.3600941169018073,0.6146056652069092,0.0899651050567627
500,2,10.560000000000002,2.4000000000000004,1,1,1,16,0.2606782640533194,0.36773454019230833,0.5936708450317383,0.0836024284362793
500,2,10.560000000000002,2.4000000000000004,1,1,1,17,0.31152624429034964,0.3513436072066551,0.6616489887237549,0.14777040481567383
500,2,10.560000000000002,2.4000000000000004,1,1,1,18,0.28097558513654447,0.3197696895964392,0.5894081592559814,0.11159873008728027
500,2,10.560000000000002,2.4000000000000004,1,1,1,19,0.29408286847451065,0.31542752173958083,0.5858335494995117,0.10422730445861816
500,2,10.560000000000002,2.4000000000000004,1,1,1,20,0.26111787303466066,0.29871013351708103,0.6227786540985107,0.09243011474609375
500,2,10.560000000000002,2.4000000000000004,1,1,1,21,0.24086662547624405,0.31272665344878287,0.578394889831543,0.09956717491149902
500,2,10.560000000000002,2.4000000000000004,1,1,1,22,0.2881082332812605,0.31889456089528984,0.5694746971130371,0.10757827758789062
500,2,10.560000000000002,2.4000000000000004,1,1,1,23,0.2815526046883446,0.3684382901600959,0.7271356582641602,0.13118314743041992
500,2,10.560000000000002,2.4000000000000004,1,1,1,24,0.25604729676359567,0.31218885955372283,0.5710022449493408,0.11101031303405762
500,2,11.959999999999999,2.6,1,1,1,0,0.2872381094336582,0.36933283649658155,0.557579517364502,0.11150193214416504
500,2,11.959999999999999,2.6,1,1,1,1,0.23806049729858075,0.3347999200727609,0.5708098411560059,0.12137103080749512
500,2,11.959999999999999,2.6,1,1,1,2,0.3375330734155883,0.3980899939826191,0.5894138813018799,0.09926295280456543
500,2,11.959999999999999,2.6,1,1,1,3,0.290982239995078,0.3433197035121576,0.7343504428863525,0.11867475509643555
500,2,11.959999999999999,2.6,1,1,1,4,0.2996196133269506,0.3936830711607499,0.7158341407775879,0.13162875175476074
500,2,11.959999999999999,2.6,1,1,1,5,0.3278899408583899,0.3361812936799995,0.6232352256774902,0.09156107902526855
500,2,11.959999999999999,2.6,1,1,1,6,0.28097165118958217,0.4352247019004279,0.5881197452545166,0.10968899726867676
500,2,11.959999999999999,2.6,1,1,1,7,0.25529705732152325,0.33273484228773986,0.5913851261138916,0.13185501098632812
500,2,11.959999999999999,2.6,1,1,1,8,0.26738768834873444,0.39574279783417615,0.754528284072876,0.14137721061706543
500,2,11.959999999999999,2.6,1,1,1,9,0.30509598663179155,0.3732309718736136,0.5881402492523193,0.0995779037475586
500,2,11.959999999999999,2.6,1,1,1,10,0.3085951949802991,0.35542338956726854,0.5945906639099121,0.09802794456481934
500,2,11.959999999999999,2.6,1,1,1,11,0.3254032637344985,0.47992607471872556,0.6051039695739746,0.09744596481323242
500,2,11.959999999999999,2.6,1,1,1,12,0.250434037914895,0.3870163690866451,0.5375754833221436,0.11646103858947754
500,2,11.959999999999999,2.6,1,1,1,13,0.35235323950353525,0.360283485806612,0.6187279224395752,0.14566373825073242
500,2,11.959999999999999,2.6,1,1,1,14,0.3321601395830418,0.40462787858923155,0.727562427520752,0.08923912048339844
500,2,11.959999999999999,2.6,1,1,1,15,0.3091554883616473,0.3579265447485138,0.5647873878479004,0.11582231521606445
500,2,11.959999999999999,2.6,1,1,1,16,0.27152936067228794,0.38887993007238847,0.5759289264678955,0.11322522163391113
500,2,11.959999999999999,2.6,1,1,1,17,0.2931430771523815,0.36603822263979185,0.5787689685821533,0.1100003719329834
500,2,11.959999999999999,2.6,1,1,1,18,0.2653673992609561,0.3330919033188661,0.562591552734375,0.11046838760375977
500,2,11.959999999999999,2.6,1,1,1,19,0.26258610899484747,0.353088075891461,0.7737536430358887,0.11546826362609863
500,2,11.959999999999999,2.6,1,1,1,20,0.30466226676940505,0.3865614485223926,0.5750350952148438,0.09386658668518066
500,2,11.959999999999999,2.6,1,1,1,21,0.2860880028738957,0.4054763157790583,0.5891408920288086,0.1119086742401123
500,2,11.959999999999999,2.6,1,1,1,22,0.27970791803614786,0.3688855818729711,0.5922529697418213,0.10305619239807129
500,2,11.959999999999999,2.6,1,1,1,23,0.33184706997614594,0.3362760845235844,0.6148271560668945,0.10838747024536133
500,2,11.959999999999999,2.6,1,1,1,24,0.2696504822100949,0.38928574896865986,0.8320245742797852,0.14858651161193848
500,2,13.440000000000003,2.8000000000000003,1,1,1,0,0.31901672145255816,0.4212917493491942,0.6502368450164795,0.07259130477905273
500,2,13.440000000000003,2.8000000000000003,1,1,1,1,0.3027772559439553,0.36958821112855544,0.600029706954956,0.08758950233459473
500,2,13.440000000000003,2.8000000000000003,1,1,1,2,0.287180561700732,0.4067102869739256,0.6051681041717529,0.08466958999633789
500,2,13.440000000000003,2.8000000000000003,1,1,1,3,0.26690134776689545,0.5074813129662815,0.5875191688537598,0.10449028015136719
500,2,13.440000000000003,2.8000000000000003,1,1,1,4,0.26782880210772186,0.40605797216538875,0.702939510345459,0.14328694343566895
500,2,13.440000000000003,2.8000000000000003,1,1,1,5,0.2663887248696008,0.3666448228409381,0.6724250316619873,0.0925905704498291
500,2,13.440000000000003,2.8000000000000003,1,1,1,6,0.3066157142459702,0.4050829007084424,0.6059796810150146,0.08260631561279297
500,2,13.440000000000003,2.8000000000000003,1,1,1,7,0.3304409268342191,0.38275512851325727,0.5958998203277588,0.08938455581665039
500,2,13.440000000000003,2.8000000000000003,1,1,1,8,0.32807253148842713,0.3939496101776813,0.5867805480957031,0.12453293800354004
500,2,13.440000000000003,2.8000000000000003,1,1,1,9,0.3095929659530264,0.40470925002816527,0.6410839557647705,0.09958648681640625
500,2,13.440000000000003,2.8000000000000003,1,1,1,10,0.3155830023827176,0.3832198417050423,0.7791652679443359,0.12329387664794922
500,2,13.440000000000003,2.8000000000000003,1,1,1,11,0.28839355967541047,0.3717317061857754,0.5933651924133301,0.08650469779968262
500,2,13.440000000000003,2.8000000000000003,1,1,1,12,0.28051234587716367,0.36241690807211213,0.5700469017028809,0.08454585075378418
500,2,13.440000000000003,2.8000000000000003,1,1,1,13,0.27721697801044587,0.4061564863671377,0.6133625507354736,0.10450935363769531
500,2,13.440000000000003,2.8000000000000003,1,1,1,14,0.3346723116891167,0.37225004347348095,0.6257984638214111,0.10312485694885254
500,2,13.440000000000003,2.8000000000000003,1,1,1,15,0.30348973700003384,0.443132571070765,0.7382903099060059,0.12768816947937012
500,2,13.440000000000003,2.8000000000000003,1,1,1,16,0.3074314975612178,0.40511082994902026,0.5571141242980957,0.09426665306091309
500,2,13.440000000000003,2.8000000000000003,1,1,1,17,0.33361447877842715,0.5102838000322776,0.5781259536743164,0.11667394638061523
500,2,13.440000000000003,2.8000000000000003,1,1,1,18,0.27337154764857474,0.398951200865488,0.6870689392089844,0.11661529541015625
500,2,13.440000000000003,2.8000000000000003,1,1,1,19,0.32718554765522395,0.40148337363426323,0.7228419780731201,0.10847687721252441
500,2,13.440000000000003,2.8000000000000003,1,1,1,20,0.29694654537485377,0.47746183881302756,0.7454714775085449,0.12016630172729492
500,2,13.440000000000003,2.8000000000000003,1,1,1,21,0.30689335151938696,0.37698980712760116,0.5775918960571289,0.10830307006835938
500,2,13.440000000000003,2.8000000000000003,1,1,1,22,0.2733988658196461,0.5077525924647956,0.5818912982940674,0.10547614097595215
500,2,13.440000000000003,2.8000000000000003,1,1,1,23,0.27635931916033574,0.496358324942981,0.5652344226837158,0.11168885231018066
500,2,13.440000000000003,2.8000000000000003,1,1,1,24,0.31894239434773325,0.38597188654100734,0.5866420269012451,0.10974979400634766
500,2,15.0,3.0,1,1,1,0,0.33462144426534696,0.39470815087973415,0.6880345344543457,0.14720678329467773
500,2,15.0,3.0,1,1,1,1,0.30608934350310724,0.4236017405852368,0.6152799129486084,0.09704422950744629
500,2,15.0,3.0,1,1,1,2,0.3737171897424197,0.4242788693941037,0.5952825546264648,0.1114203929901123
500,2,15.0,3.0,1,1,1,3,0.3575207272732876,0.4837008830882866,0.577368974685669,0.11575627326965332
500,2,15.0,3.0,1,1,1,4,0.3101689718957067,0.4209127439093918,0.5895707607269287,0.09841728210449219
500,2,15.0,3.0,1,1,1,5,0.314764663268586,0.428872407421746,0.5411694049835205,0.11761736869812012
500,2,15.0,3.0,1,1,1,6,0.3922622413374944,0.4259035360184492,0.6999356746673584,0.1339707374572754
500,2,15.0,3.0,1,1,1,7,0.301487491584082,0.40724270417768127,0.5688414573669434,0.09650063514709473
500,2,15.0,3.0,1,1,1,8,0.31348434694502675,0.44886597185248556,0.5570755004882812,0.12442660331726074
500,2,15.0,3.0,1,1,1,9,0.2861991937402439,0.4274561219513295,0.5926892757415771,0.11219072341918945
500,2,15.0,3.0,1,1,1,10,0.29749623970301947,0.37601844823276614,0.5663516521453857,0.12107563018798828
500,2,15.0,3.0,1,1,1,11,0.2826384289868115,0.44584347596636154,0.766010046005249,0.12670588493347168
500,2,15.0,3.0,1,1,1,12,0.3033686480668213,0.4752341989758891,0.601186990737915,0.10223627090454102
500,2,15.0,3.0,1,1,1,13,0.3392275087407727,0.3613907988676208,0.7547774314880371,0.13602089881896973
500,2,15.0,3.0,1,1,1,14,0.3539082165586957,0.4729663495782795,0.5791759490966797,0.09623336791992188
500,2,15.0,3.0,1,1,1,15,0.2953381070618903,0.5617762125699397,0.5581560134887695,0.11569452285766602
500,2,15.0,3.0,1,1,1,16,0.28804473778762474,0.4260963517211667,0.696664571762085,0.1317286491394043
500,2,15.0,3.0,1,1,1,17,0.38172410715944693,0.39261010606593494,0.5582339763641357,0.10999894142150879
500,2,15.0,3.0,1,1,1,18,0.2847369165682732,0.416289364968729,0.561420202255249,0.10775041580200195
500,2,15.0,3.0,1,1,1,19,0.316338550698365,0.41204177543363907,0.5875213146209717,0.08126258850097656
500,2,15.0,3.0,1,1,1,20,0.3374368539371086,0.4695895892538074,0.5242609977722168,0.11347246170043945
500,2,15.0,3.0,1,1,1,21,0.34812335202238,0.4137732566355764,0.5652801990509033,0.10705971717834473
500,2,15.0,3.0,1,1,1,22,0.37815938558297485,0.43737078651095396,0.7490053176879883,0.12444519996643066
500,2,15.0,3.0,1,1,1,23,0.27892924424603005,0.45942661036785126,0.5785741806030273,0.08874869346618652
500,2,15.0,3.0,1,1,1,24,0.3270042597703429,0.3898139044202414,0.5731699466705322,0.1134328842163086
500,2,16.64,3.2,1,1,1,0,0.3521813424820539,0.4264296405232051,0.5857422351837158,0.10804605484008789
500,2,16.64,3.2,1,1,1,1,0.36553148882909925,0.4875393868956853,0.5596656799316406,0.12126517295837402
500,2,16.64,3.2,1,1,1,2,0.34182229709331974,0.5439527942372725,0.7550287246704102,0.12807536125183105
500,2,16.64,3.2,1,1,1,3,0.3209102953290595,0.49241678387649657,0.6092467308044434,0.09496665000915527
500,2,16.64,3.2,1,1,1,4,0.3330995168454211,0.4616944808399068,0.6205222606658936,0.10450267791748047
500,2,16.64,3.2,1,1,1,5,0.34286776495475974,0.4646229785223901,0.6088552474975586,0.10394144058227539
500,2,16.64,3.2,1,1,1,6,0.31512336426901005,0.4461089687263615,0.6027376651763916,0.10857605934143066
500,2,16.64,3.2,1,1,1,7,0.4258969979182082,0.3999420461360418,0.6550524234771729,0.12636232376098633
500,2,16.64,3.2,1,1,1,8,0.3318455263177524,0.3921712273563684,0.8742833137512207,0.14534997940063477
500,2,16.64,3.2,1,1,1,9,0.3307594976219119,0.4311567342311014,0.6497833728790283,0.11258912086486816
500,2,16.64,3.2,1,1,1,10,0.43295747082483377,0.535611121231611,0.5631213188171387,0.12758493423461914
500,2,16.64,3.2,1,1,1,11,0.3506305076170191,0.49196348903715503,0.5878415107727051,0.09424781799316406
500,2,16.64,3.2,1,1,1,12,0.33748139092660273,0.4505426479081762,0.6056158542633057,0.1316213607788086
500,2,16.64,3.2,1,1,1,13,0.3750975526923269,0.40988191300401117,0.7511534690856934,0.14438819885253906
500,2,16.64,3.2,1,1,1,14,0.3288496579747462,0.4259526819054824,0.6001992225646973,0.1169741153717041
500,2,16.64,3.2,1,1,1,15,0.3440384147797695,0.386506948791532,0.6047401428222656,0.08150506019592285
500,2,16.64,3.2,1,1,1,16,0.35127913670626076,0.4186316360086795,0.5910530090332031,0.11150598526000977
500,2,16.64,3.2,1,1,1,17,0.3542983250332589,0.4066950795438135,0.6038074493408203,0.08353590965270996
500,2,16.64,3.2,1,1,1,18,0.43139954085563825,0.5500805174001534,0.7595651149749756,0.14808917045593262
500,2,16.64,3.2,1,1,1,19,0.3702426306870503,0.4889397019453366,0.597170352935791,0.11917233467102051
500,2,16.64,3.2,1,1,1,20,0.3787563464475022,0.4785044810669045,0.5717098712921143,0.12320303916931152
500,2,16.64,3.2,1,1,1,21,0.30277327774657004,0.444009060086361,0.601024866104126,0.08766365051269531
500,2,16.64,3.2,1,1,1,22,0.38642748587635545,0.5142284003617403,0.5836894512176514,0.08846735954284668
500,2,16.64,3.2,1,1,1,23,0.3644225095165008,0.480889776362639,0.6574687957763672,0.12813258171081543
500,2,16.64,3.2,1,1,1,24,0.33413921229417837,0.5033688351903295,0.6276576519012451,0.07978510856628418
500,2,18.360000000000003,3.4000000000000004,1,1,1,0,0.3969230614592258,0.5723331500151,0.5653865337371826,0.10895514488220215
500,2,18.360000000000003,3.4000000000000004,1,1,1,1,0.3820657826452325,0.5722254361705424,0.6001670360565186,0.10071492195129395
500,2,18.360000000000003,3.4000000000000004,1,1,1,2,0.39737449447076534,0.5332564892330451,0.5839931964874268,0.11514759063720703
500,2,18.360000000000003,3.4000000000000004,1,1,1,3,0.36980754813078165,0.46392184347776805,0.7716004848480225,0.1385023593902588
500,2,18.360000000000003,3.4000000000000004,1,1,1,4,0.3535688755530676,0.5554341737880205,0.6567957401275635,0.10633325576782227
500,2,18.360000000000003,3.4000000000000004,1,1,1,5,0.34294504661013697,0.4552442829913766,0.5794327259063721,0.09302496910095215
500,2,18.360000000000003,3.4000000000000004,1,1,1,6,0.3837277953178318,0.4440394790230199,0.5593938827514648,0.0941321849822998
500,2,18.360000000000003,3.4000000000000004,1,1,1,7,0.36298572623015635,0.48593026496602654,0.5405764579772949,0.10255980491638184
500,2,18.360000000000003,3.4000000000000004,1,1,1,8,0.36457818037747275,0.4098834836620956,0.5389561653137207,0.08741044998168945
500,2,18.360000000000003,3.4000000000000004,1,1,1,9,0.38617555242070994,0.6312264367942136,0.7091610431671143,0.12067914009094238
500,2,18.360000000000003,3.4000000000000004,1,1,1,10,0.40117832318964136,0.49309841890794803,0.5474522113800049,0.13259339332580566
500,2,18.360000000000003,3.4000000000000004,1,1,1,11,0.35711557416358974,0.5804503723927539,0.610283613204956,0.09163069725036621
500,2,18.360000000000003,3.4000000000000004,1,1,1,12,0.3341697800408283,0.4911314782502884,0.5980136394500732,0.0884852409362793
500,2,18.360000000000003,3.4000000000000004,1,1,1,13,0.39622576688266037,0.523346479068278,0.5806937217712402,0.09353041648864746
500,2,18.360000000000003,3.4000000000000004,1,1,1,14,0.3799670950862331,0.4911118751388821,0.7378361225128174,0.1307823657989502
500,2,18.360000000000003,3.4000000000000004,1,1,1,15,0.3863009222915765,0.45630954600152734,0.5865311622619629,0.09518027305603027
500,2,18.360000000000003,3.4000000000000004,1,1,1,16,0.3819959272747669,0.44441747208727767,0.5878839492797852,0.09555315971374512
500,2,18.360000000000003,3.4000000000000004,1,1,1,17,0.3705056233732527,0.5606420619438066,0.5895030498504639,0.08100581169128418
500,2,18.360000000000003,3.4000000000000004,1,1,1,18,0.34449272647705015,0.458741504199695,0.6013772487640381,0.08996796607971191
500,2,18.360000000000003,3.4000000000000004,1,1,1,19,0.3399448878243962,0.43901423082270885,0.6051268577575684,0.11400318145751953
500,2,18.360000000000003,3.4000000000000004,1,1,1,20,0.3459492026990172,0.5032186782505134,0.7366139888763428,0.1005396842956543
500,2,18.360000000000003,3.4000000000000004,1,1,1,21,0.3114990803391943,0.5474053970563234,0.5714085102081299,0.10042619705200195
500,2,18.360000000000003,3.4000000000000004,1,1,1,22,0.3514157529173968,0.5125574156390135,0.5684304237365723,0.08954095840454102
500,2,18.360000000000003,3.4000000000000004,1,1,1,23,0.34105164218472706,0.49798062144446326,0.7472457885742188,0.1284492015838623
500,2,18.360000000000003,3.4000000000000004,1,1,1,24,0.3659914153794916,0.5867600361187826,0.5780763626098633,0.13143706321716309
500,2,20.16,3.6,1,1,1,0,0.3990488694685085,0.5754235601106825,0.7041811943054199,0.1365339756011963
500,2,20.16,3.6,1,1,1,1,0.34003827692338257,0.5156279606679173,0.583040714263916,0.11705446243286133
500,2,20.16,3.6,1,1,1,2,0.3672650141296299,0.5529795297871154,0.5913105010986328,0.11251139640808105
500,2,20.16,3.6,1,1,1,3,0.39536917436659536,0.5796841256455669,0.5757055282592773,0.11718201637268066
500,2,20.16,3.6,1,1,1,4,0.4064908718406926,0.482932591631097,0.5311567783355713,0.09654712677001953
500,2,20.16,3.6,1,1,1,5,0.42492704792032393,0.4795388773313284,0.7323040962219238,0.13809514045715332
500,2,20.16,3.6,1,1,1,6,0.3886640042574491,0.5412945768684486,0.5869474411010742,0.0884406566619873
500,2,20.16,3.6,1,1,1,7,0.39411142200101806,0.4536193871552796,0.5536391735076904,0.1230459213256836
500,2,20.16,3.6,1,1,1,8,0.3730749896638608,0.5185721047779003,0.5664081573486328,0.1185297966003418
500,2,20.16,3.6,1,1,1,9,2.8273003249239395,0.9301726690456549,0.5864758491516113,0.09549307823181152
500,2,20.16,3.6,1,1,1,10,0.39464076384812447,0.5930956091802791,0.6431689262390137,0.10953283309936523
500,2,20.16,3.6,1,1,1,11,0.3843021428721773,0.536418261638361,0.7234885692596436,0.11002182960510254
500,2,20.16,3.6,1,1,1,12,0.432850473503249,0.570576416887162,0.5838909149169922,0.09802460670471191
500,2,20.16,3.6,1,1,1,13,0.42970181452351347,0.5090437659533616,0.5646734237670898,0.10959696769714355
500,2,20.16,3.6,1,1,1,14,0.338245123477863,0.4677600753127993,0.5609052181243896,0.1426866054534912
500,2,20.16,3.6,1,1,1,15,0.3738067000978201,0.5388509123842624,0.5864899158477783,0.10912871360778809
500,2,20.16,3.6,1,1,1,16,0.37281176375050046,0.5703714502702697,0.7199704647064209,0.10176849365234375
500,2,20.16,3.6,1,1,1,17,0.34374171290923394,0.5660436917774387,0.5513224601745605,0.11225461959838867
500,2,20.16,3.6,1,1,1,18,0.3600097937756681,0.4502113750330673,0.673250675201416,0.10823464393615723
500,2,20.16,3.6,1,1,1,19,0.5092500760173012,0.48818836233275104,0.5354127883911133,0.11405444145202637
500,2,20.16,3.6,1,1,1,20,0.38716907855765925,0.5665149395943231,0.5560176372528076,0.11028313636779785
500,2,20.16,3.6,1,1,1,21,0.38566569223794067,0.4796601374831023,0.6299664974212646,0.11088347434997559
500,2,20.16,3.6,1,1,1,22,0.3487953389715267,0.48964737472115066,0.6765940189361572,0.08974003791809082
500,2,20.16,3.6,1,1,1,23,0.39892383079735966,0.5421754822896742,0.5711934566497803,0.10711002349853516
500,2,20.16,3.6,1,1,1,24,0.39999650257137676,0.5597235544867945,0.5313518047332764,0.09983181953430176
500,2,22.040000000000003,3.8000000000000003,1,1,1,0,0.48758694690002613,0.5158667385648049,0.5300910472869873,0.08466982841491699
500,2,22.040000000000003,3.8000000000000003,1,1,1,1,0.3587382536604823,0.608870691030317,0.5363383293151855,0.07689857482910156
500,2,22.040000000000003,3.8000000000000003,1,1,1,2,0.3659591103461959,0.5226125179757748,0.7100000381469727,0.11653280258178711
500,2,22.040000000000003,3.8000000000000003,1,1,1,3,0.4741307807909143,0.5382814174104783,0.6008024215698242,0.08253002166748047
500,2,22.040000000000003,3.8000000000000003,1,1,1,4,0.37356058294189237,0.5196082482900131,0.6319482326507568,0.08803725242614746
500,2,22.040000000000003,3.8000000000000003,1,1,1,5,0.6683944268141592,0.5885550945053933,0.6440966129302979,0.08415055274963379
500,2,22.040000000000003,3.8000000000000003,1,1,1,6,0.43255279183144557,0.5590539021800953,0.5590345859527588,0.0907597541809082
500,2,22.040000000000003,3.8000000000000003,1,1,1,7,0.7263286513281528,0.5669637908034117,0.7092545032501221,0.12459444999694824
500,2,22.040000000000003,3.8000000000000003,1,1,1,8,0.3743527127400353,0.5097203474654252,0.5112247467041016,0.1016075611114502
500,2,22.040000000000003,3.8000000000000003,1,1,1,9,0.4559258728674474,0.6262738583473166,0.52547287940979,0.10511994361877441
500,2,22.040000000000003,3.8000000000000003,1,1,1,10,0.6242707672615984,0.5579024051471684,0.5452463626861572,0.10850644111633301
500,2,22.040000000000003,3.8000000000000003,1,1,1,11,0.806102431398161,0.6502578302188169,0.569465160369873,0.09252715110778809
500,2,22.040000000000003,3.8000000000000003,1,1,1,12,0.6699267928645928,0.6929707684813439,0.5389511585235596,0.10998892784118652
500,2,22.040000000000003,3.8000000000000003,1,1,1,13,1.1802586316699801,0.8385180055923368,0.7241044044494629,0.11905407905578613
500,2,22.040000000000003,3.8000000000000003,1,1,1,14,0.3682637049412639,0.5463854982982069,0.7525806427001953,0.11746001243591309
500,2,22.040000000000003,3.8000000000000003,1,1,1,15,0.7821825600266703,0.6000142072967658,0.573300838470459,0.1125650405883789
500,2,22.040000000000003,3.8000000000000003,1,1,1,16,0.4121018905258624,0.5553127091629286,0.6001579761505127,0.09196209907531738
500,2,22.040000000000003,3.8000000000000003,1,1,1,17,0.4074120612304956,0.5066014928765865,0.586233377456665,0.09199905395507812
500,2,22.040000000000003,3.8000000000000003,1,1,1,18,0.5917934387148586,0.46704378420573545,0.759127140045166,0.12130165100097656
500,2,22.040000000000003,3.8000000000000003,1,1,1,19,0.8290803123046341,0.6599280761627373,0.5849924087524414,0.09104681015014648
500,2,22.040000000000003,3.8000000000000003,1,1,1,20,0.49030797661225844,0.5031308749525659,0.560291051864624,0.10961651802062988
500,2,22.040000000000003,3.8000000000000003,1,1,1,21,0.4621417168043409,0.49786606527001753,0.5663764476776123,0.11434483528137207
500,2,22.040000000000003,3.8000000000000003,1,1,1,22,0.39223366798172593,0.5172491683040293,0.5835256576538086,0.11576056480407715
500,2,22.040000000000003,3.8000000000000003,1,1,1,23,0.4125714793701082,0.561573054589126,0.6665210723876953,0.12161421775817871
500,2,22.040000000000003,3.8000000000000003,1,1,1,24,0.7265579741838943,0.5996466742601549,0.6693477630615234,0.09670329093933105
500,2,24.0,4.0,1,1,1,0,0.5713361837478678,0.5345929924071958,0.5923256874084473,0.10141348838806152
500,2,24.0,4.0,1,1,1,1,0.9675927834321594,0.6564051508545814,0.5897195339202881,0.10002326965332031
500,2,24.0,4.0,1,1,1,2,0.6272456924196704,0.6648831671352644,0.580413818359375,0.10243558883666992
500,2,24.0,4.0,1,1,1,3,0.4101364660057728,0.626465790403696,0.5734801292419434,0.10697674751281738
500,2,24.0,4.0,1,1,1,4,0.9153314760016735,0.6352538127931984,0.7528316974639893,0.14142131805419922
500,2,24.0,4.0,1,1,1,5,0.8365900342283469,0.5959342842528859,0.5838887691497803,0.1185770034790039
500,2,24.0,4.0,1,1,1,6,0.8452134385886528,0.6876886512485529,0.6017651557922363,0.11272859573364258
500,2,24.0,4.0,1,1,1,7,2.8265213981625563,1.539375556498125,0.5954737663269043,0.09548330307006836
500,2,24.0,4.0,1,1,1,8,0.7276024643620691,0.6347823963303016,0.5887739658355713,0.10753750801086426
500,2,24.0,4.0,1,1,1,9,2.807291197133275,2.876580408561085,0.8104197978973389,0.15615534782409668
500,2,24.0,4.0,1,1,1,10,0.9187503587170933,0.7046196769942861,0.6137821674346924,0.09851884841918945
500,2,24.0,4.0,1,1,1,11,0.6287843784352841,0.5914276127384557,0.6139054298400879,0.08952593803405762
500,2,24.0,4.0,1,1,1,12,1.0406509535690964,0.6798679033349863,0.5990731716156006,0.07679557800292969
500,2,24.0,4.0,1,1,1,13,2.7959511594114574,1.6806949723333038,0.5894408226013184,0.08644461631774902
500,2,24.0,4.0,1,1,1,14,0.46668189117704495,0.536351679372804,0.6333990097045898,0.11863470077514648
500,2,24.0,4.0,1,1,1,15,2.688372883416491,2.0824588263537724,0.7255702018737793,0.12308073043823242
500,2,24.0,4.0,1,1,1,16,0.4922475570068521,0.5906487154736069,0.6714630126953125,0.1166987419128418
500,2,24.0,4.0,1,1,1,17,0.6946425186171102,0.7942733637557182,0.5561156272888184,0.0865325927734375
500,2,24.0,4.0,1,1,1,18,2.8283572060080098,2.745255559645224,0.5831623077392578,0.10509634017944336
500,2,24.0,4.0,1,1,1,19,2.8182888754145066,3.5768107119680574,0.6355969905853271,0.10003662109375
500,2,24.0,4.0,1,1,1,20,2.828427075405856,5.108825727736812,0.7486782073974609,0.12093758583068848
500,2,24.0,4.0,1,1,1,21,0.4308901231921602,0.6240962411467347,0.611213207244873,0.08193087577819824
500,2,24.0,4.0,1,1,1,22,1.2576789696131616,0.7116599888934344,0.5830790996551514,0.09481048583984375
500,2,24.0,4.0,1,1,1,23,2.81976240057879,2.2283189996259085,0.6204297542572021,0.08942556381225586
500,2,24.0,4.0,1,1,1,24,0.5087146269691353,0.5771355267467971,0.5998070240020752,0.07676076889038086
500,2,26.040000000000003,4.2,1,1,1,0,2.828125328659368,4.4987990787608405,0.7461342811584473,0.12812352180480957
500,2,26.040000000000003,4.2,1,1,1,1,2.828385673677987,2.5443554002179596,0.5780389308929443,0.09035062789916992
500,2,26.040000000000003,4.2,1,1,1,2,2.72612787895089,1.997674324385337,0.5907175540924072,0.12315654754638672
500,2,26.040000000000003,4.2,1,1,1,3,2.1352910627001482,0.9296806556589374,0.6789698600769043,0.10174727439880371
500,2,26.040000000000003,4.2,1,1,1,4,2.828381466762351,0.760624909387556,0.7286617755889893,0.14497637748718262
500,2,26.040000000000003,4.2,1,1,1,5,2.8276119573753613,1.4385208909949727,0.7722890377044678,0.12070488929748535
500,2,26.040000000000003,4.2,1,1,1,6,2.8270778230731533,2.3740825661973974,0.600214958190918,0.10149240493774414
500,2,26.040000000000003,4.2,1,1,1,7,0.8899547435687657,0.8121576586578507,0.6076023578643799,0.09045696258544922
500,2,26.040000000000003,4.2,1,1,1,8,2.828123729564157,3.4345837108778743,0.5519130229949951,0.11404657363891602
500,2,26.040000000000003,4.2,1,1,1,9,2.8283537613146805,3.549821009452213,0.5650837421417236,0.09655356407165527
500,2,26.040000000000003,4.2,1,1,1,10,2.8277683420023605,1.7757717875895314,0.5873889923095703,0.14314985275268555
500,2,26.040000000000003,4.2,1,1,1,11,0.7218469196796928,0.7673977791276331,0.6925857067108154,0.126662015914917
500,2,26.040000000000003,4.2,1,1,1,12,2.828268577826454,2.834524674298211,0.5901048183441162,0.12319278717041016
500,2,26.040000000000003,4.2,1,1,1,13,2.828405267767369,3.3749408741895914,0.6038961410522461,0.11063313484191895
500,2,26.040000000000003,4.2,1,1,1,14,0.5922113635028021,0.6936504298117199,0.5792293548583984,0.11251664161682129
500,2,26.040000000000003,4.2,1,1,1,15,0.5318846441890639,0.5870284124096246,0.5594627857208252,0.1025092601776123
500,2,26.040000000000003,4.2,1,1,1,16,0.9986693302977817,0.7591889650654022,0.8853826522827148,0.11759757995605469
500,2,26.040000000000003,4.2,1,1,1,17,2.8284169457916764,3.9099662770240915,0.5626013278961182,0.11296319961547852
500,2,26.040000000000003,4.2,1,1,1,18,2.8283073507364973,3.8562261344186726,0.5674362182617188,0.10042643547058105
500,2,26.040000000000003,4.2,1,1,1,19,1.4018963618973406,1.2133981013510133,0.6283154487609863,0.08498239517211914
500,2,26.040000000000003,4.2,1,1,1,20,2.828381823357817,3.155084356213328,0.5875179767608643,0.09536910057067871
500,2,26.040000000000003,4.2,1,1,1,21,2.8275779037532667,1.6466700165392376,0.7210721969604492,0.1458117961883545
500,2,26.040000000000003,4.2,1,1,1,22,2.8243905227818926,3.398804361061335,0.6224329471588135,0.10516786575317383
500,2,26.040000000000003,4.2,1,1,1,23,0.8817655378689913,0.6835620353026518,0.695171594619751,0.14192605018615723
500,2,26.040000000000003,4.2,1,1,1,24,0.6845505588772505,0.6874047925303973,0.613163948059082,0.0934441089630127
500,2,28.160000000000004,4.4,1,1,1,0,2.8283944199146696,3.9083343056888564,0.5718014240264893,0.11631345748901367
500,2,28.160000000000004,4.4,1,1,1,1,2.828421053766144,6.13532393962595,0.6707353591918945,0.11623311042785645
500,2,28.160000000000004,4.4,1,1,1,2,1.0365602411273187,0.8289665011969878,0.6835818290710449,0.0972757339477539
500,2,28.160000000000004,4.4,1,1,1,3,2.8276714577148288,2.685520837297071,0.5901715755462646,0.09919905662536621
500,2,28.160000000000004,4.4,1,1,1,4,2.828052143332899,4.489578596937745,0.5858335494995117,0.096832275390625
500,2,28.160000000000004,4.4,1,1,1,5,2.8283692344558555,4.209937460836575,0.5697588920593262,0.09138655662536621
500,2,28.160000000000004,4.4,1,1,1,6,2.8283954711447308,2.524518697454997,0.5605659484863281,0.09294271469116211
500,2,28.160000000000004,4.4,1,1,1,7,0.5168854178618423,0.681263590982934,0.6982746124267578,0.12593507766723633
500,2,28.160000000000004,4.4,1,1,1,8,2.8234610563790996,2.781292806662116,0.5876128673553467,0.11757493019104004
500,2,28.160000000000004,4.4,1,1,1,9,2.8282646788026575,2.283276183541823,0.6082644462585449,0.11538481712341309
500,2,28.160000000000004,4.4,1,1,1,10,2.828421457804247,4.6412391569413405,0.5866339206695557,0.09650635719299316
500,2,28.160000000000004,4.4,1,1,1,11,2.176426097271456,0.9841839388266946,0.5266392230987549,0.11503458023071289
500,2,28.160000000000004,4.4,1,1,1,12,2.8284037547384595,4.025309479310797,0.6936149597167969,0.1470654010772705
500,2,28.160000000000004,4.4,1,1,1,13,2.754094083844291,2.4046694747348716,0.6070113182067871,0.08971524238586426
500,2,28.160000000000004,4.4,1,1,1,14,2.8283005476300147,2.500883381350448,0.5729916095733643,0.08739304542541504
500,2,28.160000000000004,4.4,1,1,1,15,2.8284270903719304,4.031962327677507,0.6047797203063965,0.09269452095031738
500,2,28.160000000000004,4.4,1,1,1,16,2.827840583957683,2.732777168359221,0.6652472019195557,0.08406662940979004
500,2,28.160000000000004,4.4,1,1,1,17,2.828426805932002,4.1899287683871895,0.7234437465667725,0.10606551170349121
500,2,28.160000000000004,4.4,1,1,1,18,1.0118891809652086,0.8990879816110079,0.7952802181243896,0.15444731712341309
500,2,28.160000000000004,4.4,1,1,1,19,2.805758517394654,1.2030889051604232,0.5722219944000244,0.11560440063476562
500,2,28.160000000000004,4.4,1,1,1,20,1.2190894843725395,0.9098808368436472,0.5529844760894775,0.12907123565673828
500,2,28.160000000000004,4.4,1,1,1,21,2.8021064533154787,2.4627897446150415,0.5780429840087891,0.11572551727294922
500,2,28.160000000000004,4.4,1,1,1,22,1.054818427338534,0.8996299473878889,0.648827314376831,0.09262561798095703
500,2,28.160000000000004,4.4,1,1,1,23,0.700017084225577,0.6697681737762212,0.7135887145996094,0.16040468215942383
500,2,28.160000000000004,4.4,1,1,1,24,2.415305868066848,0.942710708497052,0.5683584213256836,0.11019539833068848
500,2,30.360000000000007,4.6000000000000005,1,1,1,0,2.8266604389283696,2.3341673137252865,0.5521721839904785,0.11002802848815918
500,2,30.360000000000007,4.6000000000000005,1,1,1,1,2.798459770891799,1.4455830131924239,0.5540857315063477,0.12061882019042969
500,2,30.360000000000007,4.6000000000000005,1,1,1,2,2.8283427965584766,4.92570400871833,0.6559698581695557,0.08437538146972656
500,2,30.360000000000007,4.6000000000000005,1,1,1,3,2.828426919373556,5.027211258634005,0.7147045135498047,0.12536001205444336
500,2,30.360000000000007,4.6000000000000005,1,1,1,4,2.8284262770220407,4.73671969609831,0.6024768352508545,0.11119771003723145
500,2,30.360000000000007,4.6000000000000005,1,1,1,5,0.8913041725481456,0.8256342672111138,0.5600838661193848,0.09428167343139648
500,2,30.360000000000007,4.6000000000000005,1,1,1,6,2.824431598409136,1.8829367131167127,0.5708463191986084,0.10668087005615234
500,2,30.360000000000007,4.6000000000000005,1,1,1,7,2.8284114632250366,3.6131033409945927,0.5779941082000732,0.09990763664245605
500,2,30.360000000000007,4.6000000000000005,1,1,1,8,2.828336738031517,3.107011743016389,0.6385636329650879,0.15819716453552246
500,2,30.360000000000007,4.6000000000000005,1,1,1,9,2.827539137390383,2.5001517334004824,0.6617956161499023,0.11056852340698242
500,2,30.360000000000007,4.6000000000000005,1,1,1,10,2.8114263988602852,1.017051785064945,0.6061732769012451,0.10153675079345703
500,2,30.360000000000007,4.6000000000000005,1,1,1,11,2.8284049477863684,4.975722543620688,0.5846774578094482,0.11003804206848145
500,2,30.360000000000007,4.6000000000000005,1,1,1,12,2.7097115070451836,1.1722563978209044,0.5865182876586914,0.1121516227722168
500,2,30.360000000000007,4.6000000000000005,1,1,1,13,2.828290147881808,2.730273382978381,0.706730842590332,0.16190385818481445
500,2,30.360000000000007,4.6000000000000005,1,1,1,14,2.828410937174087,3.6838679050169145,0.7134325504302979,0.11334919929504395
500,2,30.360000000000007,4.6000000000000005,1,1,1,15,2.8283244469288986,4.414860934636969,0.588763952255249,0.11140727996826172
500,2,30.360000000000007,4.6000000000000005,1,1,1,16,2.8281879823326017,1.993421775296123,0.6088719367980957,0.08999347686767578
500,2,30.360000000000007,4.6000000000000005,1,1,1,17,2.828148730995183,2.995429824074914,0.5660216808319092,0.09334468841552734
500,2,30.360000000000007,4.6000000000000005,1,1,1,18,2.8283300206371487,4.29488634136654,0.6388163566589355,0.09244728088378906
500,2,30.360000000000007,4.6000000000000005,1,1,1,19,2.828426362276587,3.197969230405666,0.7722103595733643,0.12454628944396973
500,2,30.360000000000007,4.6000000000000005,1,1,1,20,2.8284271235082126,5.105220487869263,0.6298854351043701,0.07750892639160156
500,2,30.360000000000007,4.6000000000000005,1,1,1,21,2.8283397554037286,2.948569908523462,0.6351175308227539,0.09340500831604004
500,2,30.360000000000007,4.6000000000000005,1,1,1,22,2.8284264049748877,4.979308719821942,0.5920915603637695,0.11554479598999023
500,2,30.360000000000007,4.6000000000000005,1,1,1,23,2.8284271072074962,4.117839785063834,0.6430394649505615,0.10181522369384766
500,2,30.360000000000007,4.6000000000000005,1,1,1,24,2.828361152919815,3.468863810276528,0.7074024677276611,0.15533161163330078
500,2,32.64000000000001,4.800000000000001,1,1,1,0,2.8284219185737958,3.385202713803408,0.5993349552154541,0.11548972129821777
500,2,32.64000000000001,4.800000000000001,1,1,1,1,2.828420679216574,4.222463007365652,0.5262420177459717,0.11313295364379883
500,2,32.64000000000001,4.800000000000001,1,1,1,2,2.828416602926721,4.531335849674604,0.573197603225708,0.10338902473449707
500,2,32.64000000000001,4.800000000000001,1,1,1,3,2.8282946185093154,4.283054322599341,0.6165540218353271,0.10203742980957031
500,2,32.64000000000001,4.800000000000001,1,1,1,4,2.8252017003061978,2.956318207511287,0.6775319576263428,0.12252211570739746
500,2,32.64000000000001,4.800000000000001,1,1,1,5,2.8284244313418028,5.292808872284173,0.6872847080230713,0.11671781539916992
500,2,32.64000000000001,4.800000000000001,1,1,1,6,2.828421258749818,2.764505482878888,0.5875720977783203,0.09233570098876953
500,2,32.64000000000001,4.800000000000001,1,1,1,7,2.8283406436307352,3.644744640411081,0.5589785575866699,0.09502720832824707
500,2,32.64000000000001,4.800000000000001,1,1,1,8,2.8284187018109916,3.1693495975066246,0.7412188053131104,0.1411750316619873
500,2,32.64000000000001,4.800000000000001,1,1,1,9,2.8215052366752813,1.9995404271127952,0.6183767318725586,0.0990445613861084
500,2,32.64000000000001,4.800000000000001,1,1,1,10,2.8284258039561796,4.337855310959516,0.7182068824768066,0.1081397533416748
500,2,32.64000000000001,4.800000000000001,1,1,1,11,2.686437941273614,1.8604331986013014,0.5689785480499268,0.08710861206054688
500,2,32.64000000000001,4.800000000000001,1,1,1,12,2.8283421089575973,3.0250539229607925,0.5975925922393799,0.11100435256958008
500,2,32.64000000000001,4.800000000000001,1,1,1,13,2.8278642738506816,2.512200674319317,0.5871546268463135,0.1230764389038086
500,2,32.64000000000001,4.800000000000001,1,1,1,14,2.828386180496662,3.4323119689812924,0.5411026477813721,0.08798098564147949
500,2,32.64000000000001,4.800000000000001,1,1,1,15,1.1003605124399651,0.8293385189434223,0.7461385726928711,0.1296405792236328
500,2,32.64000000000001,4.800000000000001,1,1,1,16,2.825524990609878,3.8304161877409784,0.5727369785308838,0.10703516006469727
500,2,32.64000000000001,4.800000000000001,1,1,1,17,2.8282652886858113,2.2183134653729324,0.5625927448272705,0.10587263107299805
500,2,32.64000000000001,4.800000000000001,1,1,1,18,2.8283383331342153,3.0245059410060433,0.5642316341400146,0.09422659873962402
500,2,32.64000000000001,4.800000000000001,1,1,1,19,2.8279618669209214,2.4953475235192357,0.5898008346557617,0.10943603515625
500,2,32.64000000000001,4.800000000000001,1,1,1,20,2.8282273835622456,3.030086127821735,0.6691124439239502,0.1064913272857666
500,2,32.64000000000001,4.800000000000001,1,1,1,21,2.828402156127754,3.5677857604223076,0.7458446025848389,0.1419694423675537
500,2,32.64000000000001,4.800000000000001,1,1,1,22,1.0151561126981428,0.907504741971967,0.5998959541320801,0.10649776458740234
500,2,32.64000000000001,4.800000000000001,1,1,1,23,2.828381666073749,4.891824861085968,0.5747232437133789,0.11470985412597656
500,2,32.64000000000001,4.800000000000001,1,1,1,24,2.828425279616733,4.161940576934575,0.5924661159515381,0.08429503440856934
500,2,35.0,5.0,1,1,1,0,2.828424970485288,4.7241055764720725,0.5636816024780273,0.0847768783569336
500,2,35.0,5.0,1,1,1,1,2.8284004941411607,3.982414553865006,0.7422745227813721,0.1347658634185791
500,2,35.0,5.0,1,1,1,2,2.828426818621912,3.7589527308725286,0.5538108348846436,0.1063225269317627
500,2,35.0,5.0,1,1,1,3,2.8246039805875314,2.9563302987343905,0.7419917583465576,0.12284088134765625
500,2,35.0,5.0,1,1,1,4,2.8284240839713632,3.914248973221858,0.5770671367645264,0.09236598014831543
500,2,35.0,5.0,1,1,1,5,2.828366532494747,4.348562687097773,0.5904622077941895,0.11421346664428711
500,2,35.0,5.0,1,1,1,6,2.828427050601835,3.820742563309141,0.7564997673034668,0.1347060203552246
500,2,35.0,5.0,1,1,1,7,2.828425485929905,3.449176530589479,0.5819382667541504,0.09607481956481934
500,2,35.0,5.0,1,1,1,8,2.828394671257729,3.333362816874811,0.5885732173919678,0.11532092094421387
500,2,35.0,5.0,1,1,1,9,2.828418810480067,3.300363090276525,0.601233959197998,0.0985407829284668
500,2,35.0,5.0,1,1,1,10,2.81492024602929,2.2557720674886843,0.5960195064544678,0.09032058715820312
500,2,35.0,5.0,1,1,1,11,2.828249288861623,3.384287078151928,0.7281103134155273,0.13044524192810059
500,2,35.0,5.0,1,1,1,12,2.8280592551788537,4.233161312021177,0.6624190807342529,0.08141160011291504
500,2,35.0,5.0,1,1,1,13,2.828426717694675,3.484593797002715,0.6136307716369629,0.08913302421569824
500,2,35.0,5.0,1,1,1,14,2.828408453353729,3.3757101327857355,0.5989120006561279,0.11543512344360352
500,2,35.0,5.0,1,1,1,15,2.82842687157861,4.9987371700286065,0.6341028213500977,0.09944486618041992
500,2,35.0,5.0,1,1,1,16,2.828426042546902,2.9346736949271546,0.624614953994751,0.11308526992797852
500,2,35.0,5.0,1,1,1,17,2.828410426296248,3.1760367995696064,0.7418882846832275,0.12562918663024902
500,2,35.0,5.0,1,1,1,18,2.8284025069573953,3.4722420406344616,0.585289716720581,0.08717465400695801
500,2,35.0,5.0,1,1,1,19,2.8284258575206818,2.71111663215175,0.5978066921234131,0.09151506423950195
500,2,35.0,5.0,1,1,1,20,2.828421611406972,3.395392151773366,0.6060206890106201,0.08990716934204102
500,2,35.0,5.0,1,1,1,21,2.828315559729207,3.8509793368498686,0.5882105827331543,0.08394217491149902
500,2,35.0,5.0,1,1,1,22,2.828423150886842,3.0128190998330084,0.7843613624572754,0.12594056129455566
500,2,35.0,5.0,1,1,1,23,2.828398857738629,3.7832319169989725,0.738370418548584,0.1342301368713379
500,2,35.0,5.0,1,1,1,24,2.8216360511522565,2.155037270954963,0.5635786056518555,0.09289026260375977
500,2,37.440000000000005,5.2,1,1,1,0,2.828427094173929,4.99945704358187,0.5815718173980713,0.08365035057067871
500,2,37.440000000000005,5.2,1,1,1,1,2.8281374329724303,4.086324304046217,0.5987732410430908,0.10623884201049805
500,2,37.440000000000005,5.2,1,1,1,2,2.8284162439643796,4.128163110038385,0.7228353023529053,0.1230323314666748
500,2,37.440000000000005,5.2,1,1,1,3,2.8284247404524328,3.9511387827752573,0.6259186267852783,0.0817420482635498
500,2,37.440000000000005,5.2,1,1,1,4,2.8284098837277565,4.028666516002586,0.5942151546478271,0.08304429054260254
500,2,37.440000000000005,5.2,1,1,1,5,2.8283891330749764,4.212685919483664,0.5506350994110107,0.1203465461730957
500,2,37.440000000000005,5.2,1,1,1,6,2.8283984547789673,3.224637149125426,0.6448783874511719,0.08767104148864746
500,2,37.440000000000005,5.2,1,1,1,7,2.82837817957313,3.801964938611174,0.7149701118469238,0.13119959831237793
500,2,37.440000000000005,5.2,1,1,1,8,2.8284043312926173,4.698680773915961,0.629835844039917,0.09840965270996094
500,2,37.440000000000005,5.2,1,1,1,9,2.828399169548299,4.17530467853904,0.5693228244781494,0.09385299682617188
500,2,37.440000000000005,5.2,1,1,1,10,2.828424145225486,4.272995548767804,0.5980010032653809,0.0899496078491211
500,2,37.440000000000005,5.2,1,1,1,11,2.828226499565365,4.238463652223002,0.5601584911346436,0.12453699111938477
500,2,37.440000000000005,5.2,1,1,1,12,2.828427075828495,4.589064401919765,0.5998611450195312,0.1270594596862793
500,2,37.440000000000005,5.2,1,1,1,13,2.8284254366699586,4.236006640656254,0.7591390609741211,0.11607980728149414
500,2,37.440000000000005,5.2,1,1,1,14,2.828408707315566,4.312272223618307,0.619065523147583,0.09642839431762695
500,2,37.440000000000005,5.2,1,1,1,15,2.828414138273755,4.3482050816716,0.5871996879577637,0.10104823112487793
500,2,37.440000000000005,5.2,1,1,1,16,2.828385490413893,3.1018922317112443,0.5691266059875488,0.11063504219055176
500,2,37.440000000000005,5.2,1,1,1,17,2.8284119807737413,3.48597719752737,0.6750998497009277,0.1345837116241455
500,2,37.440000000000005,5.2,1,1,1,18,2.8277127292619726,4.240285619059071,0.7770524024963379,0.12102031707763672
500,2,37.440000000000005,5.2,1,1,1,19,2.8284171191992,4.103023466990725,0.5725879669189453,0.10704827308654785
500,2,37.440000000000005,5.2,1,1,1,20,2.8284201063376972,3.990938572414331,0.6160612106323242,0.08425664901733398
500,2,37.440000000000005,5.2,1,1,1,21,2.82841287643592,4.113348960718908,0.5545163154602051,0.12228631973266602
500,2,37.440000000000005,5.2,1,1,1,22,2.8284228182418847,4.4219175903757355,0.5664165019989014,0.09677553176879883
500,2,37.440000000000005,5.2,1,1,1,23,2.8284176356359265,3.947341215086375,0.7337658405303955,0.12980055809020996
500,2,37.440000000000005,5.2,1,1,1,24,2.8283326092482177,4.24194523182936,0.5907082557678223,0.11264681816101074
500,2,39.96000000000001,5.4,1,1,1,0,2.8284260542901807,4.38592957706981,0.5728414058685303,0.1101369857788086
500,2,39.96000000000001,5.4,1,1,1,1,2.828324270841906,3.3877712369672572,0.5767748355865479,0.11151552200317383
500,2,39.96000000000001,5.4,1,1,1,2,2.8282975595815074,4.384985992069939,0.5842387676239014,0.11419010162353516
500,2,39.96000000000001,5.4,1,1,1,3,2.8284155594592937,4.538215809295585,0.6568307876586914,0.1184694766998291
500,2,39.96000000000001,5.4,1,1,1,4,2.8284263700147,4.374506188314673,0.7305300235748291,0.12565302848815918
500,2,39.96000000000001,5.4,1,1,1,5,2.8284228557732884,4.759930511152385,0.6021795272827148,0.11598634719848633
500,2,39.96000000000001,5.4,1,1,1,6,2.8279869761767396,2.916711857448164,0.5957481861114502,0.08689641952514648
500,2,39.96000000000001,5.4,1,1,1,7,2.8284083152998813,4.65605168143803,0.5660386085510254,0.09153246879577637
500,2,39.96000000000001,5.4,1,1,1,8,2.8283679870849747,3.864488794602945,0.585932731628418,0.12509584426879883
500,2,39.96000000000001,5.4,1,1,1,9,2.828424651988222,4.309588565862001,0.7507736682891846,0.11744236946105957
500,2,39.96000000000001,5.4,1,1,1,10,2.8284230097514356,4.264280496598272,0.5696227550506592,0.1170051097869873
500,2,39.96000000000001,5.4,1,1,1,11,2.8283760041419477,4.420985901172872,0.5936410427093506,0.09714555740356445
500,2,39.96000000000001,5.4,1,1,1,12,2.8284245253046945,4.029511878630323,0.6836161613464355,0.11045384407043457
500,2,39.96000000000001,5.4,1,1,1,13,2.8284270487614247,4.3887765257313145,0.725860595703125,0.0982503890991211
500,2,39.96000000000001,5.4,1,1,1,14,2.828425404751563,3.6655114905472908,0.7150452136993408,0.15010571479797363
500,2,39.96000000000001,5.4,1,1,1,15,2.82830153082922,3.9035468197809484,0.5628058910369873,0.09316420555114746
500,2,39.96000000000001,5.4,1,1,1,16,2.828422737473267,4.281560894303305,0.577949047088623,0.11213803291320801
500,2,39.96000000000001,5.4,1,1,1,17,2.828427112683945,3.6033236440646035,0.5514125823974609,0.10433816909790039
500,2,39.96000000000001,5.4,1,1,1,18,2.828359043896284,3.4751256241177284,0.565150260925293,0.10331606864929199
500,2,39.96000000000001,5.4,1,1,1,19,2.828418314709833,4.807447460089248,0.6636431217193604,0.12125825881958008
500,2,39.96000000000001,5.4,1,1,1,20,2.8283918488511954,4.226379438697261,0.7135441303253174,0.09987545013427734
500,2,39.96000000000001,5.4,1,1,1,21,2.8278924987904452,3.3352707729622018,0.6005899906158447,0.09041428565979004
500,2,39.96000000000001,5.4,1,1,1,22,2.8284188585644685,4.396316340962509,0.5414278507232666,0.11054015159606934
500,2,39.96000000000001,5.4,1,1,1,23,2.826683957527908,3.4363928247036872,0.5801942348480225,0.10659193992614746
500,2,39.96000000000001,5.4,1,1,1,24,2.8280927290056077,3.39031537254632,0.5718247890472412,0.10255575180053711
500,2,42.56000000000001,5.6000000000000005,1,1,1,0,2.8284208447961556,4.073572434610342,0.7209439277648926,0.12026047706604004
500,2,42.56000000000001,5.6000000000000005,1,1,1,1,2.8282515921062266,5.007359997522491,0.6054298877716064,0.11818051338195801
500,2,42.56000000000001,5.6000000000000005,1,1,1,2,2.82842670907389,4.000960094482504,0.5924263000488281,0.08898615837097168
500,2,42.56000000000001,5.6000000000000005,1,1,1,3,2.8284211014154312,5.315842899967305,0.5649895668029785,0.1105959415435791
500,2,42.56000000000001,5.6000000000000005,1,1,1,4,2.8282323768747295,3.851682553038795,0.5358450412750244,0.09780716896057129
500,2,42.56000000000001,5.6000000000000005,1,1,1,5,2.8283096784827975,4.298349825789343,0.7682254314422607,0.11728811264038086
500,2,42.56000000000001,5.6000000000000005,1,1,1,6,2.8284270017731523,4.225285137544784,0.5803143978118896,0.08854269981384277
500,2,42.56000000000001,5.6000000000000005,1,1,1,7,2.8284194969739174,3.89833652376695,0.6785454750061035,0.15181469917297363
500,2,42.56000000000001,5.6000000000000005,1,1,1,8,2.828420866174767,4.089206712537686,0.6237227916717529,0.09021449089050293
500,2,42.56000000000001,5.6000000000000005,1,1,1,9,2.8284188704405215,4.425235529136363,0.5336887836456299,0.12450718879699707
500,2,42.56000000000001,5.6000000000000005,1,1,1,10,2.8281293439611757,4.2411628939270924,0.6826770305633545,0.12136602401733398
500,2,42.56000000000001,5.6000000000000005,1,1,1,11,2.828412373981994,4.536677370393361,0.607813835144043,0.11488986015319824
500,2,42.56000000000001,5.6000000000000005,1,1,1,12,2.8284263711641464,4.270777748304151,0.589569091796875,0.09664607048034668
500,2,42.56000000000001,5.6000000000000005,1,1,1,13,2.82842254474856,4.12552582836032,0.5890822410583496,0.11261940002441406
500,2,42.56000000000001,5.6000000000000005,1,1,1,14,2.828427097189987,5.11965887052141,0.5697028636932373,0.1175069808959961
500,2,42.56000000000001,5.6000000000000005,1,1,1,15,2.828426664590714,5.566375111453018,0.577700138092041,0.1044309139251709
500,2,42.56000000000001,5.6000000000000005,1,1,1,16,2.828307997488579,3.10242699195318,0.7028768062591553,0.1303567886352539
500,2,42.56000000000001,5.6000000000000005,1,1,1,17,2.8284166750689477,5.10533575078513,0.5799589157104492,0.12384533882141113
500,2,42.56000000000001,5.6000000000000005,1,1,1,18,2.8284141239642038,4.2759345365567025,0.6095294952392578,0.11667513847351074
500,2,42.56000000000001,5.6000000000000005,1,1,1,19,2.8283943455703575,4.6856264355891195,0.5787301063537598,0.10427117347717285
500,2,42.56000000000001,5.6000000000000005,1,1,1,20,2.8284160191367813,4.157139466062745,0.5926868915557861,0.08945679664611816
500,2,42.56000000000001,5.6000000000000005,1,1,1,21,2.8283702263508443,4.530543979653711,0.7925400733947754,0.1337273120880127
500,2,42.56000000000001,5.6000000000000005,1,1,1,22,2.828310673092542,3.4200885965061296,0.5998950004577637,0.10663247108459473
500,2,42.56000000000001,5.6000000000000005,1,1,1,23,2.8277909979451867,3.381593090709445,0.6232962608337402,0.09866690635681152
500,2,42.56000000000001,5.6000000000000005,1,1,1,24,2.828426506038352,3.725062382806213,0.5988972187042236,0.08904862403869629
500,2,45.24000000000001,5.800000000000001,1,1,1,0,2.82835473768607,4.801817655053533,0.6115689277648926,0.09456300735473633
500,2,45.24000000000001,5.800000000000001,1,1,1,1,2.8283989533522482,3.351370640956883,0.7097177505493164,0.13983702659606934
500,2,45.24000000000001,5.800000000000001,1,1,1,2,2.828094249169529,3.8676578717168204,0.7970829010009766,0.12328839302062988
500,2,45.24000000000001,5.800000000000001,1,1,1,3,2.828289132467703,3.626709183643292,0.5553889274597168,0.11467933654785156
500,2,45.24000000000001,5.800000000000001,1,1,1,4,2.8283220381354655,4.091967249333427,0.6323258876800537,0.0846719741821289
500,2,45.24000000000001,5.800000000000001,1,1,1,5,2.8284202197815276,4.134902941404587,0.6102895736694336,0.08641839027404785
500,2,45.24000000000001,5.800000000000001,1,1,1,6,2.8284269470663483,3.9268647157301277,0.6728971004486084,0.1472785472869873
500,2,45.24000000000001,5.800000000000001,1,1,1,7,2.8283447594961104,5.280028479795556,0.641643762588501,0.08654427528381348
500,2,45.24000000000001,5.800000000000001,1,1,1,8,2.828422291795458,3.6464203760979563,0.602553129196167,0.1032564640045166
500,2,45.24000000000001,5.800000000000001,1,1,1,9,2.828412066471676,3.982394492423212,0.6364011764526367,0.09257650375366211
500,2,45.24000000000001,5.800000000000001,1,1,1,10,2.8284262705374372,3.822750946337781,0.5992612838745117,0.09444832801818848
500,2,45.24000000000001,5.800000000000001,1,1,1,11,2.828424092315423,4.350087115189735,0.5773301124572754,0.08590435981750488
500,2,45.24000000000001,5.800000000000001,1,1,1,12,2.8284083899379278,4.659336612955025,0.7537097930908203,0.12851524353027344
500,2,45.24000000000001,5.800000000000001,1,1,1,13,2.8284250818630787,5.091918577307788,0.5999515056610107,0.11342787742614746
500,2,45.24000000000001,5.800000000000001,1,1,1,14,2.828412195729336,5.166272010633508,0.6213195323944092,0.08541750907897949
500,2,45.24000000000001,5.800000000000001,1,1,1,15,2.828308952042565,5.158629293564257,0.6052672863006592,0.08432173728942871
500,2,45.24000000000001,5.800000000000001,1,1,1,16,2.8284160779200933,5.125820050873073,0.566002607345581,0.0933067798614502
500,2,45.24000000000001,5.800000000000001,1,1,1,17,2.8284047809812227,4.2208180305283545,0.7761175632476807,0.11044549942016602
500,2,45.24000000000001,5.800000000000001,1,1,1,18,2.8284119664727863,4.299280648370002,0.5582644939422607,0.10140681266784668
500,2,45.24000000000001,5.800000000000001,1,1,1,19,2.828426419027474,3.4674858814461444,0.5872275829315186,0.10470056533813477
500,2,45.24000000000001,5.800000000000001,1,1,1,20,2.828426917876486,3.857615460766895,0.606438398361206,0.09211206436157227
500,2,45.24000000000001,5.800000000000001,1,1,1,21,2.828318213530903,5.234575410358741,0.6299359798431396,0.10634255409240723
500,2,45.24000000000001,5.800000000000001,1,1,1,22,2.8283713216068214,3.998458522753635,0.8096592426300049,0.15379571914672852
500,2,45.24000000000001,5.800000000000001,1,1,1,23,2.828416116726298,4.880955349012604,0.584864616394043,0.1145625114440918
500,2,45.24000000000001,5.800000000000001,1,1,1,24,2.8284270298533927,4.102695669974208,0.5927441120147705,0.11045193672180176
